Name,Rarity,Color Identity,AH_AI_Rating,AH_Pro_Rating,AH_Comment,17L_Color,17L_Rarity,17L_# Seen,17L_ALSA,17L_# Picked,17L_ATA,17L_# GP,17L_% GP,17L_GP WR,17L_# OH,17L_OH WR,17L_# GD,17L_GD WR,17L_# GIH,17L_GIH WR,17L_# GNS,17L_GNS WR,17L_IWD
Abzan Devotee,Common,BGW,2.3,2.5,"This has the worst stat-line of all the devotees, but it's fixing you have access to even when you mill it.",B,C,67300,6.91,9394,9.64,28871,51.0%,54.0%,5367,55.4%,6297,52.8%,11664,54.0%,17167,53.9%,0.0pp
Abzan Monument,Uncommon,BGW,2.4,3,"This is great at fixing your mana early and then can give you a real presence on board late. The Monuments all give you nice 2-for-1s, and I think that makes up for them not adding to the board on turn two.",,U,18027,3.58,1188,5.10,4865,71.6%,51.3%,950,49.5%,1122,54.8%,2072,52.4%,2771,50.4%,2.0pp
Adorned Crocodile,Common,B,1.1,3,"This seems like a lot of value for the cost. The stat-line isn't great obviously, but it's great against removal and can trade for most stuff while giving you lots of extra value.",B,C,70553,8.75,9114,12.12,5920,10.6%,52.9%,990,53.5%,1398,53.9%,2388,53.8%,3524,52.3%,1.4pp
Aegis Sculptor,Uncommon,U,2.5,3,"A 4-mana 2/3 with Flying and Ward 2 isn't great, but if you even get one counter on it, you're going to feel pretty good about things -- and that seems eminently doable.",U,U,23306,5.13,2793,7.30,9431,57.3%,52.0%,1557,52.2%,2477,54.9%,4034,53.8%,5268,50.4%,3.4pp
Agent of Kotis,Common,U,1.8,2,"This has mediocre base stats, but the Renew ability is going to give you nice value in the late game.",U,C,69731,8.18,10113,11.38,14785,24.0%,52.3%,2617,49.9%,3710,52.5%,6327,51.4%,8401,52.9%,-1.5pp
Aggressive Negotiations,Common,B,1.4,1.5,Three mana for a discard spell (even one that exiles) is just too much for most formats. It only adds minimally to the board.,B,C,70045,8.70,10753,11.52,13053,19.5%,55.2%,2208,54.4%,2992,55.9%,5200,55.3%,7786,55.2%,0.0pp
Ainok Wayfarer,Common,G,2.5,2.5,"This'll set up your graveyard and help you hit a land drop reasonably often, and sometimes a 1/1 with a counter is what you want too.",G,C,62183,5.69,11160,7.48,53362,78.3%,55.6%,9585,57.5%,13070,56.5%,22655,56.9%,30363,54.6%,2.3pp
Alchemist's Assistant,Uncommon,B,3.2,3,"A two mana 2/1 with lifelink is already playable, and getting lifelink out of your graveyard is pretty sweet.",B,U,19605,4.02,2311,5.73,11059,80.3%,54.4%,1970,55.8%,2415,53.4%,4385,54.5%,6649,54.3%,0.2pp
Alesha's Legacy,Common,B,1.1,2.5,This is a solid trick since it saves a creature from most removal and allows a creature to win virtually any combat.,B,C,69348,7.92,7146,11.52,7366,16.9%,52.5%,1245,51.9%,1631,53.3%,2876,52.7%,4473,52.4%,0.3pp
All-Out Assault,Mythic,BRW,4.2,4,"This buff is enough to make almost any creature into a significant presence on the board, and in a format with Mobilize it looks especially spicy. The extra combat step isn't always meaningful, though.",WBR,M,1044,1.19,657,1.19,3576,85.1%,57.9%,611,59.6%,840,64.2%,1451,62.2%,2115,54.9%,7.3pp
Ambling Stormshell,Rare,U,4.9,4.5,"This is a massive road block that your opponent can't just ignore, and because of Ward they will never destroy it efficiently. It can protect you when it has to, and then turn into a turtle Ancestral Recall once you feel like you can attack. It's likely the cards you draw let you add to the board, making up for it being tapped.",U,R,2254,1.25,1275,1.26,6987,91.5%,55.2%,1181,59.3%,1839,61.4%,3020,60.6%,3864,50.8%,9.8pp
"Anafenza, Unyielding Lineage",Rare,W,5,5,"Flash makes it a lot easier for you to successfully set up an Endure trigger. Just set up any trade and flash in Anafenza, and you come out way ahead -- and then she sticks around and gives you more value. She has pretty solid starting stats too!",W,R,2027,1.16,1080,1.16,6123,91.7%,56.5%,1118,58.9%,1351,56.0%,2469,57.3%,3632,55.8%,1.5pp
Arashin Sunshield,Common,W,1,2,"This has mediocre stats, a mediocre enters ability, and a mediocre activated ability. It is nice that you got all of that from one card, and the tap ability can have it's moments, but overall this isn't a card you're ever going to be very excited about playing.",W,C,70243,8.38,10100,11.56,6896,10.8%,55.7%,1098,52.1%,1565,55.1%,2663,53.8%,4228,56.9%,-3.0pp
Armament Dragon,Uncommon,BGW,3.6,4,"This will shift the board in a big way every time you cast it. At worst it's a 6/7 flyer, and most of the time you don't have to put all of your eggs in one basket.",WBG,U,17163,3.54,3162,4.39,15180,81.6%,52.9%,2421,52.3%,3760,58.4%,6181,56.0%,8864,50.5%,5.5pp
Attuned Hunter,Uncommon,G,2.7,3,This has a passable baseline and getting even one counter on is doable -- and it'll feel pretty good.,G,U,17684,3.64,1831,4.91,8379,78.3%,52.7%,1408,51.7%,2053,54.3%,3461,53.3%,4882,52.3%,0.9pp
Auroral Procession,Uncommon,GU,2.1,2,"This is a pretty underwhelming rate to get one card back from the graveyard, even with payoffs for doing so.",UG,U,27727,6.71,4577,8.81,12061,43.8%,53.6%,2060,48.5%,3329,57.7%,5389,54.2%,6534,52.9%,1.3pp
Avenger of the Fallen,Rare,B,4.6,4,"When this can't Mobilize super well it's a good defensive creature, and when it can mobilize lots of tokens it's a frightening attacker. Your opponent has to give something up to kill it because of death touch too, and that's not always easy against a 2/4.",B,R,2148,1.24,907,1.27,4841,86.4%,57.0%,861,57.1%,1119,58.8%,1980,58.1%,2834,56.1%,1.9pp
Awaken the Honored Dead,Rare,BGU,-0,4,"Most of the value here comes from the first chapter, but it's pretty sweet you get a bunch of extra stuff after casting a good removal spell.",UBG,R,2216,1.28,900,1.30,4521,83.7%,54.7%,762,53.3%,1221,63.1%,1983,59.4%,2481,51.2%,8.1pp
Barrensteppe Siege,Rare,BW,4.5,4.5,"The Abzan mode will very quickly upgrade your board, and the Mardu mode can be good when you have lots of tokens and sacrifice stuff going on.",WB,R,2052,1.17,1025,1.18,5298,88.0%,54.2%,897,51.8%,1203,56.0%,2100,54.2%,3186,54.3%,-0.0pp
Bearer of Glory,Common,W,3.2,2.5,"This is a solid two drop that can attack well early thanks to first strike, and in the late game it can buff your whole board.",W,C,65124,5.94,14586,7.49,75414,83.1%,57.9%,13564,57.2%,15823,55.9%,29387,56.5%,46010,58.8%,-2.3pp
"Betor, Kin to All",Mythic,BGW,4.7,5,"It won't be hard for this to draw a card the turn it comes down. After all, it contributes 7 toughness -- so you just need three more to get there. And this is a huge dragon that can threaten to draw you even more cards on subsequent turns.",WBG,M,998,1.13,707,1.14,3726,85.3%,56.5%,652,60.7%,1004,64.5%,1656,63.0%,2039,51.3%,11.7pp
Bewildering Blizzard,Uncommon,U,2.7,2.5,This seems like a surprisingly legit draw spell. Debuffing your opponent's stuff makes up for you not adding to the board when you spend 6 mana.,U,U,23457,5.05,4995,6.42,21156,71.0%,54.4%,3477,50.8%,5918,58.8%,9395,55.8%,11549,53.2%,2.6pp
Bloodfell Caves,Common,BR,1.5,3,These offer great fixing in a format where that really matters.,,C,50370,4.78,7029,6.86,35864,83.4%,56.4%,6590,57.8%,7794,54.3%,14384,55.9%,21313,56.7%,-0.8pp
Bloomvine Regent // Claim Territory,Rare,G,5,4.5,"A 5 mana 4/5 with flying that gains you 3 life when it enters is a very good Limited card. Gives you something substantial and threatening while gaining you life, and that's a good way to stabilize. It also ramps your mana super well early, and can gain more than just those 3 life, so it's great.",G,R,1917,1.08,1224,1.08,6695,92.9%,54.8%,1195,56.7%,2059,60.3%,3254,59.0%,3541,51.3%,7.6pp
Blossoming Sands,Common,GW,2,3,These offer great fixing in a format where that really matters.,,C,50812,4.79,5048,7.01,24679,81.5%,54.7%,4447,55.0%,5978,54.7%,10425,54.8%,14096,54.6%,0.2pp
Bone-Cairn Butcher,Uncommon,BRW,3.3,4,"Giving your tokens -- especially the Mobilize ones -- death touch is nasty, and the baseline here is pretty good.",WBR,U,17349,3.56,2731,4.41,13365,80.2%,56.1%,2247,55.9%,2966,56.0%,5213,56.0%,8172,56.3%,-0.3pp
Boulderborn Dragon,Common,Colorless,1.9,1.5,If you're really desperate for a dragon this can...kind of do the job.,,C,70757,8.08,13308,10.14,37945,47.2%,53.8%,6413,49.4%,9427,56.4%,15840,53.6%,20534,53.0%,0.5pp
Breaching Dragonstorm,Uncommon,R,2.5,1.5,"Most of the time you won't hit something worth 5 mana. It does get sweet if you hit a dragon, though -- as you'll cast it and put the storm back in your hand. That'll feel great, but the rest of the time? It'll be pretty awful.",R,U,25021,5.51,4922,6.84,17158,59.0%,53.5%,2835,53.0%,4730,56.3%,7565,55.0%,9402,52.1%,2.9pp
Call the Spirit Dragons,Mythic,BGRUW,1.8,0,"Even in this format, I dont' think you're getting there with this. The mana is tough and so is the set up.",WUBRG,M,1862,1.84,388,,1103,52.1%,50.4%,177,,302,,479,,618,50.3%,
Caustic Exhale,Common,B,4,4,"If this always cost 2 mana it'd be a great removal spell, but it will cost one mana reasonably often -- at which point it's absurd.",B,C,33310,2.80,7259,3.51,40103,90.9%,56.3%,6976,56.7%,9822,59.3%,16798,58.2%,22945,54.8%,3.4pp
Champion of Dusan,Common,G,2.3,2.5,"The stat-line's pretty ugly, even with trample -- but this offers a pretty efficient buff from the graveyard.",G,C,61122,5.63,8206,7.99,36538,73.4%,55.2%,6297,56.0%,8757,56.7%,15054,56.4%,21314,54.4%,2.0pp
Channeled Dragonfire,Uncommon,R,3.5,3.5,"Sorcery-speed Shock is already pretty good, but you can cast this twice.",R,U,16632,3.36,3285,4.39,17743,87.6%,57.3%,3049,56.3%,4203,59.6%,7252,58.2%,10454,56.6%,1.6pp
Clarion Conqueror,Rare,W,4.6,3,This is mostly a three mana 3/3 Flyer -- but that's pretty good! Keep in mind the effect is symmetrical. The times where it does shut off your opponent's stuff will feel great. But not so much when you have an ability you want to use.,W,R,2193,1.21,861,1.23,4579,87.7%,56.5%,820,59.6%,1054,58.4%,1874,59.0%,2695,54.8%,4.2pp
Constrictor Sage,Uncommon,U,3.1,3,"Without Renew this is pretty solid, and with it this can provide a really nice effect out of the graveyard.",U,U,18177,3.69,2079,5.08,9089,74.8%,52.7%,1531,48.5%,2401,55.1%,3932,52.6%,5072,52.7%,-0.1pp
Coordinated Maneuver,Common,W,2.6,2.5,"This is a serviceable removal spell, especially in Abzan and Mardu, since they are so good at making tokens.",W,C,54628,4.55,7860,6.44,38946,80.3%,58.4%,6533,57.4%,8561,58.4%,15094,57.9%,23872,58.7%,-0.7pp
Cori Mountain Monastery,Rare,R,3.6,3.5,"Having a land that turns into a card-drawing engine in the late game is pretty great, especially when this won't enter tapped all that often.",,R,2708,1.47,538,1.55,3055,93.1%,57.6%,539,56.2%,771,60.2%,1310,58.5%,1720,56.4%,2.2pp
Cori Mountain Stalwart,Uncommon,RW,3.8,3,This has a passable baseline and even flurrying once with it in play is pretty nice.,WR,U,17341,3.34,4372,3.97,24679,91.7%,57.8%,4256,59.0%,5552,57.7%,9808,58.3%,14803,57.4%,0.9pp
Cori-Steel Cutter,Rare,R,4.8,4,"The equipment without Flurry is kind of passable, and with it, it's amazing. Just one token will feel like you're getting a steal, and more than that will feel amazing.",R,R,2229,1.25,1587,1.26,9221,93.7%,57.7%,1677,62.4%,2226,60.2%,3903,61.1%,5253,55.0%,6.2pp
Corroding Dragonstorm,Uncommon,B,2.1,2.5,"This has a pretty solid base effect, and recasting it even once is going to feel like you're doing something sweet.",B,U,24580,5.47,2945,7.74,7701,44.6%,50.9%,1407,46.3%,1943,54.6%,3350,51.1%,4282,51.0%,0.1pp
Craterhoof Behemoth,Mythic,G,4.8,3.5,"There's enough ramp in this format for this to be a real win condition, but it will still get stuck in your hand a little bit too often to be a bomb.",G,M,1063,1.16,517,1.16,2301,77.8%,54.2%,351,,635,60.6%,986,57.1%,1284,51.0%,6.1pp
Cruel Truths,Common,B,1.2,2,"This lets you see a lot of cards, but it's a little expensive for drawing 2 and not adding to the board.",B,C,70764,8.76,8818,12.23,4196,7.8%,50.5%,743,47.4%,946,51.4%,1689,49.6%,2491,51.0%,-1.4pp
Dalkovan Encampment,Rare,W,3.6,3.5,"This is pretty close to being a Plains with upside, and the upside is legit.",,R,2654,1.43,493,,2526,86.2%,55.2%,394,,559,54.7%,953,55.6%,1566,55.0%,0.6pp
Dalkovan Packbeasts,Uncommon,W,4.2,3,"A three mana 0/4 with Vigilance isn't good -- but getting three 1/1 attackers every turn is, especially because there are so many good ways to take advantage of them in the format. If your opponent doesn't have big enough stuff to take the Packbeasts down, it's going to be a real problem for them.",W,U,15597,3.15,5291,3.52,30560,93.0%,57.9%,5354,59.0%,6632,57.0%,11986,57.9%,18585,57.9%,-0.0pp
Death Begets Life,Mythic,BGU,-0,2,"This is really strong when you can cast it, but the problem is even when you do, you...might draw your entire deck in Limited.",UBG,M,1067,1.19,592,1.16,2942,81.8%,56.1%,510,53.3%,786,65.1%,1296,60.5%,1593,52.0%,8.5pp
Defibrillating Current,Uncommon,BRW,3.4,3.5,This is a pretty nice removal spell whether you spend 3 or 4 to cast it.,WBR,U,20702,4.41,3459,6.14,14726,70.3%,56.1%,2414,54.3%,3414,57.4%,5828,56.2%,8889,56.1%,0.1pp
Delta Bloodflies,Common,B,1.4,2,"If you can play this on two and put counters on it or your other stuff, it can chip in for a lot of damage -- but it's going to get outclassed by dragons pretty quickly.",B,C,68555,7.45,5279,11.08,8008,24.8%,53.4%,1467,53.4%,1652,51.4%,3119,52.3%,4879,54.1%,-1.8pp
Descendant of Storms,Uncommon,W,3.7,3,"This feels pretty good on one, and can even fill your curve on two if you don't have a two drop. It's attack ability helps keep it at least a little interesting all game too.",W,U,14272,2.86,3906,3.33,23358,93.4%,59.6%,4246,64.9%,4838,57.6%,9084,61.0%,14253,58.6%,2.4pp
Desperate Measures,Uncommon,B,2.3,1.5 // 3.5,"If you have lots of Mobilize, this becomes a one mana draw 2 which is great -- and it has lots of other modes too.",B,U,24774,5.51,2686,8.17,7286,44.9%,53.4%,1172,52.7%,1623,54.3%,2795,53.6%,4480,53.2%,0.5pp
Devoted Duelist,Common,R,1.2,1.5,"This is super underwhelming. The Flurry trigger is weak and the stat-line is bad. If you need a two drop, you'll play it -- but only if you don't have something better. And hopefully you do.",R,C,69260,7.83,14700,9.86,49117,53.9%,56.5%,8844,55.5%,10485,54.9%,19329,55.2%,29721,57.4%,-2.3pp
Dirgur Island Dragon // Skimming Strike,Common,U,2.9,2.5,This is two 1.5 cards stapled together -- but having an Omen does mean that this doesn't have the biggest downside about being a 6-drop -- that it doesn't do anything until you get to 6!,U,C,62175,5.95,16692,7.66,84223,84.2%,54.6%,14413,52.2%,27778,58.7%,42191,56.5%,43917,53.0%,3.5pp
Dismal Backwater,Common,BU,2.9,3,These offer great fixing in a format where that really matters.,,C,50412,4.83,5673,6.98,28752,84.8%,54.9%,5283,55.3%,7002,56.1%,12285,55.8%,16162,54.2%,1.5pp
Dispelling Exhale,Common,U,3.4,2.5,"This is a solid counterspell normally, and a pretty good one when you can Behold.",U,C,61937,5.84,16975,7.19,81595,79.4%,55.8%,14131,57.3%,22187,59.0%,36318,58.3%,44203,53.6%,4.8pp
Disruptive Stormbrood // Petty Revenge,Uncommon,BG,4.3,3.5,"The Omen here is a good removal spell, so it's nice it can sometimes be a dragon + Naturalize.",G,U,10082,2.15,3971,2.45,22261,93.8%,55.6%,3844,55.9%,6978,62.3%,10822,60.0%,12078,52.4%,7.7pp
Dracogenesis,Mythic,R,2.5,0,"Omniscience is terrible in Limited, and this is worse. Once you spend this mana you don't really need to be able to put things into play for free.",R,M,2405,2.38,233,,137,10.2%,,20,,34,,54,,83,,
Dragonback Assault,Mythic,GRU,4.8,5,"This landfall trigger is absurd, especially in the aftermath of a card that wipes away much of the board.",URG,M,992,1.13,783,1.12,4655,94.0%,58.3%,843,66.8%,1284,68.9%,2127,68.1%,2450,49.5%,18.6pp
Dragonback Lancer,Common,W,2.9,2,"4-mana 3/3 flyers aren't what they once were, and while adding Mobilize to the mix helps, this is still a very underwhelming creature.",W,C,58414,5.08,4409,7.98,13877,51.2%,54.9%,2401,51.8%,2940,52.7%,5341,52.3%,8539,56.6%,-4.3pp
Dragonbroods' Relic,Uncommon,BGRUW,2.9,1.5 // 3.5,"This is an almost adequate mana rock, and the token it makes it the late game is pretty amazing. If you don't have amazing mana, it's not very good -- but if you can use the activated ability, you'll be pretty happy with this.",G,U,26170,5.92,7813,6.70,32612,68.6%,55.9%,5728,55.6%,8643,61.9%,14371,59.4%,17763,52.8%,6.6pp
Dragonclaw Strike,Uncommon,GRU,2.9,3.5,This will allow you to remove a creature in most situations and then smash in with a huge augmented creature.,URG,U,24245,5.53,4974,7.29,18748,62.8%,54.6%,3039,51.5%,4998,58.3%,8037,55.7%,10442,53.4%,2.4pp
Dragonfire Blade,Rare,Colorless,4.6,3,"You'll be able to equip this for 3 or 2 pretty easily, and anything with three colors can be equipped for only one mana, and the buff it offers is pretty legit.",,R,2070,1.14,703,1.16,3341,80.5%,53.8%,595,52.4%,838,57.3%,1433,55.3%,1881,52.8%,2.5pp
Dragonologist,Rare,U,5,3.5,"This is a powerful card selection effect that will virtually always hit something, and it gets particularly spicy when you hit a dragon.",U,R,4052,2.02,2021,2.08,10691,88.3%,55.4%,1893,58.2%,2809,60.8%,4702,59.7%,5839,52.0%,7.7pp
Dragon Sniper,Uncommon,G,3.9,3,This can trade for anything -- even dragons -- and it can even attack without giving up that ability.,G,U,14207,2.93,2991,3.62,17031,93.4%,56.5%,2915,58.0%,4279,60.2%,7194,59.3%,9649,54.3%,5.0pp
Dragon's Prey,Common,B,3.6,3,"Costing more against Dragons is a very real downside in this set, but it does a decent job against everything else.",B,C,36824,3.08,7446,4.00,40984,92.2%,54.6%,6816,52.6%,10044,58.2%,16860,56.0%,23766,53.6%,2.4pp
Dragonstorm Forecaster,Uncommon,U,2,0.0 / 1.5,"This can grab two cards that you probably shouldn't play in this format. Even drawing bad cards can be okay, but spending two generic to do it is pretty rough. Even if you have a couple card to draw with it, I think it maxes out at a 1.5.",U,U,27777,7.19,8730,8.04,28139,52.9%,55.3%,4969,60.7%,7240,57.0%,12209,58.5%,15665,52.8%,5.7pp
Dragonstorm Globe,Common,Colorless,3.4,1,"It takes an unusual format for a three mana mana rock that doesn't add to the board to be worth it, and I don't think this is that kind of format.",,C,68622,6.25,23946,6.90,113494,78.8%,54.9%,20843,56.9%,27372,56.3%,48215,56.6%,61320,53.2%,3.4pp
Dusyut Earthcarver,Common,G,1.7,3,"6 mana for a 4/4 with Reach and a 3/3 is awesome, and if you just one one big body it can do that for you.",G,C,69304,7.76,9572,10.68,18625,31.9%,54.5%,3067,52.7%,4763,58.0%,7830,55.9%,10627,53.2%,2.7pp
Duty Beyond Death,Uncommon,W,3.3,1.5 // 3.0,"If you have lots of Mobilize this is at it's best, since Mobilize tokens are temporary anyway -- and buffing your whole board and making it indestructible is pretty strong when you aren't actually giving something up.",W,U,19210,3.91,3845,4.70,20502,85.0%,58.8%,3252,57.4%,4387,58.7%,7639,58.1%,12870,59.2%,-1.0pp
Effortless Master,Uncommon,RU,2.3,3,When this is a 4-mana 6/5 with Vigilance and Menace it'll feel great -- and the baseline is fine too.,UR,U,20226,3.92,1260,5.54,4925,66.8%,52.1%,841,49.6%,1298,55.3%,2139,53.1%,2743,51.3%,1.8pp
"Elspeth, Storm Slayer",Mythic,W,4.9,5,"This is the biggest bomb in the set. She can easily kill you with tokens or counters, and even if you're behind she kills something and threatens to start doing token and counter things next turn.",W,M,926,1.01,863,1.01,5277,95.6%,60.9%,900,66.9%,1339,66.2%,2239,66.5%,3013,56.9%,9.5pp
Embermouth Sentinel,Common,Colorless,1,2.5,This is better than most versions of this card since it can legit be a 2-for-1 when you have a dragon.,,C,70290,7.58,10510,10.05,28719,44.6%,54.7%,5523,54.3%,6869,55.3%,12392,54.9%,16191,54.6%,0.3pp
Encroaching Dragonstorm,Uncommon,G,3,2.5,"Fixing is important in this format, and ramp looks real enough in Green for this to be solid.",G,U,19608,4.03,3360,5.06,14908,75.7%,53.3%,2542,53.5%,3819,54.3%,6361,54.0%,8400,52.6%,1.4pp
Equilibrium Adept,Uncommon,R,3.3,4,"Even withotu Flurry this would be a card you play 100% of the time because it generates such a nice 2-for-1, and when this has double strike it'll be incredibly difficult to block.",R,U,21774,4.52,4695,5.86,23489,80.8%,57.5%,3952,57.1%,5436,57.4%,9388,57.3%,14001,57.6%,-0.4pp
Eshki Dragonclaw,Rare,GRU,5,3.5,"It's pretty hard to trigger this, but one trigger is more than enough when a creature has this good of a baseline.",URG,R,2126,1.20,1246,1.20,6608,89.1%,55.0%,1106,57.6%,1778,61.1%,2884,59.8%,3606,50.9%,8.9pp
Essence Anchor,Uncommon,U,1.6,1.5 / 3.5,"An artifact that Surveils every upkeep isn't really worth this much mana, but if you have some ways to move cards out of your graveyard (and there are plenty of those) this turns into a very good value engine.",U,U,26246,6.31,2411,9.28,3421,23.6%,51.5%,583,49.4%,916,54.8%,1499,52.7%,1889,50.6%,2.1pp
Evolving Wilds,Common,Colorless,4.1,3,"This is really good at fixing your mana, though I would value it slightly less than the gainlands.",,C,50971,4.11,8575,5.81,51055,97.5%,56.5%,9529,57.0%,11888,55.7%,21417,56.3%,29301,56.6%,-0.3pp
Fangkeeper's Familiar,Rare,BGU,-0,4,This can generate a 2-for-1 in most scenarios and provide all kinds of disruption.,UBG,R,1994,1.16,919,1.15,4789,85.9%,56.7%,811,62.5%,1334,62.4%,2145,62.4%,2560,51.5%,10.9pp
"Felothar, Dawn of the Abzan",Rare,BGW,4.2,3.5,"If you have expendable tokens -- like you know, those with Mobilize - Felothar is going to be very strong.",WBG,R,2153,1.18,530,1.18,2039,66.9%,50.6%,351,,487,,838,53.8%,1197,48.4%,5.4pp
Feral Deathgorger // Dusk Sight,Common,B,2,2.5,"Neither of these cards is great individually, but Dusk Sight replaces itself and impacts the board, and the Deathgorger isn't a completely terrible 6-drop. It can trade with most dragons and will cause problems for any that have less than 5 power, while also hating on the graveyard -- or helping you trigger your own stuff.",B,C,64405,6.34,11153,8.86,41800,62.6%,53.1%,7064,50.8%,11597,56.0%,18661,54.1%,24056,52.6%,1.5pp
Fire-Rim Form,Common,R,2.5,1.5,"This is an okay trick. It lets lots of creatures win combat, but it's not good against removal, and while the buff it leaves behind is okay, it's not great.",R,C,69542,7.94,8097,11.22,10888,21.3%,57.8%,1707,57.2%,2280,55.0%,3987,55.9%,6896,58.8%,-2.9pp
Flamehold Grappler,Rare,RUW,4.2,3.5,"When you can copy a spell with this it's going to feel great, and you'll never feel bad about having a 3/3 with First Strike.",WUR,R,2132,1.18,553,1.19,2351,71.3%,54.4%,390,,570,58.6%,960,56.5%,1371,53.1%,3.4pp
Fleeting Effigy,Uncommon,R,2.8,1.5,"This is supposed to enable Flurry, but it seems to me there are way better ways to do that than a creature who is never on the battlefield during your opponents turn, and one that takes a ton of mana just to be able to trade when it attacks.",R,U,25996,6.06,5358,7.44,22499,67.4%,57.7%,4100,58.3%,4792,56.7%,8892,57.5%,13586,57.9%,-0.5pp
Focus the Mind,Common,U,2,2.5,"Casting this for 5 is pretty rough, but I think you'll be able to spend 3 often enough for it to be a soli draw spell.",U,C,65225,6.60,10951,9.17,35932,54.1%,54.5%,5891,53.0%,9940,57.6%,15831,55.9%,19757,53.3%,2.6pp
Formation Breaker,Uncommon,G,3,3,Putting counters on this can be sweet since it becomes bigger and so much harder to block.,G,U,19830,4.04,2433,5.37,11439,78.0%,54.3%,2023,56.8%,2666,53.4%,4689,54.9%,6695,53.8%,1.0pp
Fortress Kin-Guard,Common,W,3.2,3.5,"This is an excellent common. A two mana 1/2 that makes a 1/1 is an excellent rate, and this has another mode!",W,C,58346,4.95,11508,6.39,63810,88.0%,59.4%,11640,61.7%,13285,57.7%,24925,59.6%,38838,59.3%,0.2pp
Fresh Start,Uncommon,U,3.1,1.5,"This type of removal is rarely good because it doesn't deliver a card worth of value. After all, what you put it on can still block -- and if it had high toughness, that's going to feel particularly brutal.",U,U,19712,4.06,4986,5.03,26494,88.4%,55.9%,4622,55.9%,7313,59.9%,11935,58.3%,14134,53.7%,4.6pp
Frontier Bivouac,Uncommon,GRU,3.5,3.5,"In other 3-color formats, the tri-lands are worth pretty high picks because they make your mana so much better.",,U,14520,3.00,3077,3.84,17359,94.3%,54.8%,3182,57.9%,4332,53.8%,7514,55.5%,9676,54.1%,1.4pp
Frontline Rush,Uncommon,RW,3.3,3.5,"If you've already gone wide this is a great trick, and if you haven't, it can help you do it.",WR,U,15010,2.97,3678,3.47,21242,91.5%,58.9%,3710,59.9%,4721,60.3%,8431,60.1%,12828,58.1%,2.0pp
Frostcliff Siege,Rare,RU,-0,3,"Both of these modes really require you to have a significant board to do something meaningful, and need for you to be ahead to really get going.",UR,R,2087,1.18,796,1.19,3797,80.5%,52.2%,635,53.5%,984,54.0%,1619,53.8%,2137,51.0%,2.8pp
Furious Forebear,Uncommon,W,3,2.5,"This'll trigger pretty often, but I don't think you'll have two spare mana around often enough for it to be nuts -- it's the kind of thing you start getting back late for some nice value, though.",W,U,17228,3.49,2778,4.43,15383,88.9%,57.2%,2739,58.2%,3254,53.2%,5993,55.5%,9389,58.3%,-2.8pp
Glacial Dragonhunt,Uncommon,RU,3.8,3,"It's hard to be upset with a removal spell you can cast twice, and this one can also just be used to draw a card in a pinch.",UR,U,15575,3.06,3654,3.63,19279,88.1%,56.2%,3270,57.3%,5350,59.9%,8620,58.9%,10505,53.7%,5.2pp
Glacierwood Siege,Rare,GU,2.5,1,"Neither of these modes is very meaningful in Limited. Milling your opponent out is possible, though difficult to achieve -- and playing lands from the graveyard is almost entirely relevant.",UG,R,2236,1.24,299,,812,48.0%,47.8%,150,,206,,356,,436,,
Great Arashin City,Rare,B,3.7,3.5,Turning stuff into your graveyard into on-board presence is exactly what you want to be doing in the late game when you're flooding out.,,R,2384,1.33,291,,1413,80.6%,55.6%,237,,326,,563,56.7%,843,54.9%,1.7pp
Gurmag Nightwatch,Common,BGU,1.1,2,"This gives you a bit of card selection and loads the graveyard, but it's hard enough to cast for three and inefficient enough at 4 that I don't think it looks great.",UBG,C,68586,7.92,7818,11.31,10596,21.9%,55.2%,1833,56.6%,2722,56.4%,4555,56.5%,5903,54.1%,2.4pp
Gurmag Rakshasa,Uncommon,B,3.1,4,"This enters trigger will often kill something and make one of your creatures into a much better attacker for a turn, and then you have a 5/5 Menace that your opponent likely just can't ignore.",B,U,19525,4.02,1351,6.03,4556,55.1%,54.9%,740,55.0%,1099,55.5%,1839,55.3%,2704,54.5%,0.8pp
Hardened Tactician,Uncommon,BW,3,4,"This is one of the best payoffs for Mobilize, as turning those tokens into actual cards is insane -- and it works with Endure, too.",WB,U,19507,3.82,2256,4.95,10256,76.4%,54.4%,1779,54.1%,2219,51.6%,3998,52.7%,6256,55.5%,-2.8pp
Herd Heirloom,Rare,G,4.8,4,"This gives you some pretty legitimate ramp and fixing, and can even become a value engine in the late game.",G,R,2437,1.32,1210,1.33,6259,87.6%,54.0%,1080,55.6%,1545,55.7%,2625,55.6%,3560,52.6%,3.1pp
Heritage Reclamation,Common,G,1.1,2,"This has enough modes that it isn't terrible, but if you're mostly using the exile mode it probably isn't great.",G,C,70383,8.76,9978,11.93,6941,11.3%,52.1%,1119,50.1%,1744,54.1%,2863,52.5%,4040,51.6%,0.9pp
Highspire Bell-Ringer,Common,U,0.6,2.5,This has solid base stats and is a pretty good enabler for Flurry.,U,C,68589,7.72,7294,11.36,7709,17.6%,50.5%,1292,50.1%,2042,50.6%,3334,50.4%,4330,50.6%,-0.2pp
Hollowmurk Siege,Rare,BG,4.3,5,"That Abzan mode is an absolute beating that will snowball in a hurry and result in your opponent taking tons of damage -- and if you're in a spot where you need to dig deeper into your library and have lots of counter stuff, you can choose the other mode.",BG,R,2209,1.23,875,1.26,4120,79.7%,53.5%,703,51.1%,963,56.2%,1666,54.0%,2411,53.0%,1.1pp
Host of the Hereafter,Uncommon,BG,3.7,3.5,"If it's alone, it's a 4-mana 4/4 that lets you put two counters on something when it dies, but it helps all your other counter cards, too.",BG,U,17497,3.42,2046,4.22,10507,87.5%,53.7%,1715,53.5%,2513,55.4%,4228,54.7%,6237,53.1%,1.6pp
Humbling Elder,Common,U,0.7,3,Other cards like this have performed quite well. You'd be surprised how often you can flash this in and just kill something while keeping the Elder. It's also super cheap in a color where that really matters.,U,C,69989,8.58,10363,11.73,10115,16.0%,53.3%,1786,53.0%,2638,54.7%,4424,54.0%,5615,52.7%,1.4pp
Hundred-Battle Veteran,Uncommon,B,2.5,4,"A 4-mana 4/2 is usually pretty bad, but this one can be cast from the graveyard once -- and that's already a 2-for-1. Throw in the fact it'll be a 6/6 sometimes, something that is more likely when you bring it back since it brings a Finality counter with it.",B,U,23277,4.94,2074,7.16,6765,55.0%,52.1%,1114,49.0%,1561,51.1%,2675,50.2%,4078,53.4%,-3.1pp
Iceridge Serpent,Common,U,1.5,2.5,"It's a tiny bit overcosted, but it's still a fairly relevant body that subtracts from your opponent's board.",U,C,67186,7.19,9530,10.27,20778,35.8%,54.7%,3368,53.3%,5746,57.3%,9114,55.8%,11372,53.6%,2.2pp
Inevitable Defeat,Rare,BRW,5,3.5,"It's not the most efficient removal ever, but adding a lightning helix to the mix goes a long way towards making this card worth the mana.",WBR,R,2131,1.20,958,1.23,4896,83.4%,57.9%,804,59.8%,1151,64.2%,1955,62.4%,2925,54.5%,7.9pp
Inspirited Vanguard,Uncommon,G,3.8,4,"The baseline here is basically a 5-mana 3/2 and a 2/2, but it's so much better than that -- not only because it can just be one big creature, but also because endure keeps triggering when it attacks. So it can grow itself, or spit out more tokens -- either way, you're going to feel good about things.",G,U,15949,3.25,2153,4.08,10273,81.7%,53.9%,1640,53.6%,2560,56.9%,4200,55.6%,5999,52.7%,2.9pp
Iridescent Tiger,Uncommon,BGRUW,2.4,2,"This'll be great when you can slam another spell with the mana it produces. Problem is, you won't be able to do that all that often.",R,U,27076,6.71,5154,9.01,11632,37.0%,54.3%,1996,52.6%,2988,55.9%,4984,54.6%,6552,54.0%,0.6pp
Jade-Cast Sentinel,Common,Colorless,0.8,1,"this is almost entirely a defensive creature, and those rarely work in Limited.",,C,70602,8.68,5247,12.45,2065,6.4%,51.4%,373,,558,53.6%,931,50.8%,1123,51.8%,-1.0pp
Jeskai Brushmaster,Uncommon,RUW,2.4,4,"A 4-mana 2/4 with just double strike would be good, but with Prowess in the mix blocking -- or not blocking -- this thing is an absolute nightmare.",WUR,U,23870,5.50,2241,8.37,4916,36.7%,50.8%,851,51.0%,1299,52.2%,2150,51.7%,2744,49.9%,1.8pp
Jeskai Devotee,Common,RUW,1.3,2.5,"This fiexes your mana well and can threaten to be a 3/3 when it attacks, allowing it to get through and/or trade reasonably well.",R,C,64942,6.33,10371,8.76,40254,62.1%,57.4%,7249,58.2%,9061,55.4%,16310,56.7%,23859,57.8%,-1.1pp
Jeskai Monument,Uncommon,RUW,2.6,3,"This is great at fixing your mana early and then can give you a real presence on board late. The Monuments all give you nice 2-for-1s, and I think that makes up for them not adding to the board on turn two.",,U,20105,4.02,2971,5.35,13278,72.8%,56.2%,2492,57.5%,3403,58.3%,5895,57.9%,7297,54.7%,3.2pp
Jeskai Revelation,Mythic,RUW,4.8,5,"It's tough not to win when you cast this. It gives you something comparable to a 4-for-1 since it adds to your board, subtracts from your opponents in the big way, gains you a ton of life, and gives you extra cards.",WUR,M,1042,1.15,774,1.16,4378,89.2%,58.8%,725,62.1%,1290,71.6%,2015,68.2%,2354,51.1%,17.0pp
Jeskai Shrinekeeper,Uncommon,RUW,3.7,3,"If you can get in with this right away it'll feel pretty good. Problem is, the stat-line is very bad and other dragons in the set at the same mana value -- or cheaper -- are going to outclass it.",WUR,U,17728,3.65,5428,4.33,28280,85.6%,56.0%,4770,55.8%,7754,60.7%,12524,58.8%,15220,53.3%,5.5pp
Jungle Hollow,Common,BG,3,3,These offer great fixing in a format where that really matters.,,C,47394,4.44,5981,6.27,32313,90.4%,54.7%,6003,56.1%,7670,54.6%,13673,55.3%,18359,54.1%,1.2pp
Karakyk Guardian,Uncommon,GRU,4,3,"This creature is mostly all stats, but having hexproof until it damages something is nice and means that it can usually get in for a hit before they can kill it. Just don't block a mobilize token with it.",URG,U,17574,3.57,7216,3.93,40454,91.3%,56.3%,6795,56.3%,11151,63.4%,17946,60.7%,21702,52.3%,8.4pp
Kheru Goldkeeper,Uncommon,BGU,3.4,3.5,"This is inefficient as a creature, but it's going to be able to pay you back with treasure -- and it's Renew ability can make almost any creature into a threat.",UBG,U,21008,4.42,3964,5.72,18307,78.5%,53.5%,3060,51.2%,4648,56.6%,7708,54.5%,10376,52.5%,2.0pp
Kin-Tree Nurturer,Common,B,2.9,3.5,"A three mana 2/1 with lifelink that makes a 1/1 is a good card, and this has flexibility beyond that.",B,C,62144,5.85,4886,9.04,14913,50.6%,54.8%,2567,56.1%,3368,55.3%,5935,55.6%,8951,54.2%,1.5pp
Kin-Tree Severance,Uncommon,BGW,3.6,3.5,This'll always feel like a pretty good deal since you can usuall trade up.,WBG,U,17155,3.55,2659,4.77,13076,81.8%,54.7%,2157,52.6%,3277,59.0%,5434,56.4%,7538,53.4%,3.0pp
Kishla Skimmer,Uncommon,GU,3.8,3.5,"Drawing cards with this is very doable, and it has a good stat-line too. Basically it can get in early, and in the late game it turns into a value engine.",UG,U,13567,2.72,2813,3.25,14695,88.0%,54.6%,2513,56.3%,3835,57.2%,6348,56.9%,8128,52.7%,4.1pp
Kishla Trawlers,Uncommon,U,3.4,2.5,"I don't love that this asks for two separate card types to be in your graveyard for it to do anything, but it's true that when it can get something back it'll feel pretty powerful.",U,U,21600,4.50,5249,5.62,25241,80.8%,55.3%,4343,52.9%,6890,60.0%,11233,57.3%,13643,53.5%,3.8pp
Kishla Village,Rare,G,3,3,"Surveil doesn't quite net you a card like some of the other lands in this cycle, but it does improve your draws and load your graveyard which can really help in the late game.",,R,2406,1.33,224,,925,71.3%,53.2%,144,,233,,377,,531,54.4%,
Knockout Maneuver,Uncommon,G,3.9,3,"This is a nce removal spell for Green, and the counter has extra value in this format.",G,U,12840,2.66,3233,3.21,18111,93.1%,55.5%,3019,54.0%,4674,60.8%,7693,58.1%,10176,53.4%,4.8pp
"Kotis, the Fangkeeper",Rare,BGU,2.9,3,"You kind of have to be buffing this for it to be worth it, but the good news is Kotis is ready made for Renew counters.",UBG,R,2053,1.15,460,,1926,71.3%,53.2%,334,,475,,809,54.8%,1086,51.3%,3.5pp
Krotiq Nestguard,Common,G,1,1.5,"This can enable 4+ power payoffs and it's good with Harmonize, but it's a little too one dimensional.",G,C,70312,8.60,8508,11.98,6650,12.7%,50.9%,1187,47.9%,1667,53.7%,2854,51.3%,3763,50.6%,0.7pp
Krumar Initiate,Uncommon,B,2.8,3,"This is a little clunky to be sure, but it can make a whole lot of tokens -- or one big one, and that can help you take over a game.",B,U,21171,4.37,2493,6.05,10769,72.9%,53.8%,2025,52.7%,2345,53.9%,4370,53.4%,6371,54.1%,-0.8pp
Lasyd Prowler,Rare,G,5,4.5,"This has good stats and can help you load your graveyard in a big way, and it's Renew ability is capable of adding a huge number of counters to your board.",G,R,2089,1.18,929,1.18,4875,87.8%,55.1%,767,56.7%,1272,59.4%,2039,58.4%,2787,52.6%,5.7pp
Lie in Wait,Uncommon,BGU,3.4,4,"This is a very powerful 2-for-1, and while it isn't always going to be online, it won't be too difficult to get it there either.",UBG,U,20883,4.39,4237,5.50,18982,75.8%,54.6%,3223,52.3%,5191,59.5%,8414,56.7%,10182,52.6%,4.1pp
Lightfoot Technique,Common,W,1.5,2.5,"This is a nice trick -- it blanks removal, can often win combat, and has the upside of sending something to the sky to swing in for lethal -- or block a dragon out of nowhere.",W,C,64715,6.20,5265,9.70,10299,31.3%,57.3%,1687,54.9%,2139,55.3%,3826,55.1%,6481,58.5%,-3.4pp
Lotuslight Dancers,Rare,BGU,3.4,4,The idea here is to search up cards with Harmonize or Renew -- and the Dancers is pretty good with both mechanics thanks to it's large lifelink body.,UBG,R,2986,1.54,726,1.62,3010,68.5%,55.3%,540,54.8%,800,60.6%,1340,58.3%,1628,52.8%,5.5pp
Loxodon Battle Priest,Uncommon,W,3,3.5,"Getting a counter every turn adds up quickly, and this can start the turn it comes down.",W,U,17544,3.52,1448,4.79,5629,65.3%,53.1%,940,53.9%,1285,54.6%,2225,54.3%,3397,52.3%,2.0pp
Maelstrom of the Spirit Dragon,Rare,Colorless,3.3,1.5,"This'll hurt your mana more than it will help, and even when you tutor up a bomb with the Maelstrom, you're paying a pretty serious tax to do it.",,R,2226,1.21,304,,1199,69.2%,53.4%,217,,300,,517,56.1%,671,50.7%,5.4pp
Magmatic Hellkite,Rare,R,4.6,4,"This has great stats and the format has enough non-basic lands for the trigger to be relevant when you play it on turn 4. It does have diminishing returns the later the game gets, though.",R,R,2247,1.25,1485,1.26,8436,93.8%,55.7%,1397,55.8%,2077,57.1%,3474,56.6%,4877,54.8%,1.8pp
Mammoth Bellow,Uncommon,GRU,3.6,4,"This gives you two 5/5s, and that's quite the two for one. The first token can help you Harmonize the second one.",URG,U,17937,3.62,3574,4.46,17737,83.4%,54.1%,2859,51.7%,4813,57.6%,7672,55.4%,9848,52.7%,2.6pp
Marang River Regent // Coil and Catch,Rare,U,5,5,Just the dragon side is a 4.5-level card. It adds a huge scary body to the board and subtracts from the opponent's board in a big way -- but throw in the fact that you can cast this earlier in the game to draw some cards and it's even more amazing.,U,R,1819,1.10,1451,1.10,8411,93.3%,58.6%,1436,63.8%,2544,70.4%,3980,68.0%,4390,49.9%,18.1pp
Mardu Devotee,Common,BRW,1.7,3,"This does so much for one mana. It's a body that blocks Mobilize tokens, it filters your mana, and it Scries. The Scry helps it maintain relevance when you draw it late, too.",W,C,61559,5.42,14983,6.50,80556,84.8%,59.7%,14895,62.9%,16623,58.4%,31518,60.5%,48975,59.3%,1.2pp
Mardu Monument,Uncommon,BRW,3.2,3,"This is great at fixing your mana early and then can give you a real presence on board late. The Monuments all give you nice 2-for-1s, and I think that makes up for them not adding to the board on turn two.",,U,18049,3.59,3200,4.56,16149,80.5%,59.1%,3096,60.1%,3458,61.1%,6554,60.6%,9569,58.1%,2.5pp
Mardu Siegebreaker,Rare,BRW,4.6,4,"The exile effect here is especially good when you have a creature with an ""enters"" or death trigger, but it also gets good with token payoffs.",WBR,R,2020,1.15,966,1.15,4878,84.4%,56.2%,835,53.2%,1078,58.4%,1913,56.1%,2955,56.2%,-0.1pp
Marshal of the Lost,Uncommon,BW,3.7,3,"The stat-line here is rough, but this does offer a buff the turn it comes down, provided you can attack.",WB,U,15330,2.98,2179,3.70,11222,85.3%,54.9%,1840,54.3%,2473,53.8%,4313,54.0%,6918,55.4%,-1.4pp
Meticulous Artisan,Common,R,2.2,2,"I don't love th starting stat-line, but it does fix and ramp your mana, and any time it attacks your opponent has to take into account the fact that it might grow.",R,C,66628,6.87,5941,10.65,7207,19.4%,54.7%,1242,55.6%,1727,54.1%,2969,54.7%,4207,54.6%,0.1pp
Mistrise Village,Rare,U,2,1,"This effect is rarely relevant in Limited, so this is mostly an Island with downside.",,R,4021,2.03,260,,553,36.5%,49.7%,113,,139,,252,,297,,
Molten Exhale,Common,R,4.3,4,"Even if this was Sorcery-speed 100% of the time it'd be a very good card. Two mana for 4 damage is a great rate and you can trade up, sometimes in a big way. So, the fact that this'll be an instant a significant chunk of the time is amazing.",R,C,37486,3.07,14878,3.63,88332,96.6%,57.1%,15326,57.6%,22032,59.6%,37358,58.8%,50418,55.8%,3.0pp
Monastery Messenger,Common,RUW,0.9,2,"This is not card advantage, just selection -- and while that's a decent effect, it certainly isn't amazing. Even at three mana this is kind of underwhelming.",WUR,C,66855,7.48,9763,10.53,20037,33.8%,53.6%,3408,50.8%,5182,55.4%,8590,53.6%,11312,53.6%,-0.0pp
Mox Jasper,Mythic,Colorless,-0,0,"By the time you have a dragon in play you're not interested in making mana with the Jasper, and it never affects the board. It's not worth a card in Limited.",,M,1957,1.99,226,,144,11.0%,,35,,30,,65,,79,,
Mystic Monastery,Uncommon,RUW,3.5,3.5,"In other 3-color formats, the tri-lands are worth pretty high picks because they make your mana so much better.",,U,13009,2.71,2171,3.62,12394,94.2%,55.9%,2331,56.9%,2998,53.8%,5329,55.2%,6956,56.4%,-1.2pp
Naga Fleshcrafter,Rare,U,4.5,4.5,"Clones that can copy any creature always perform super well, because they'll always be the best creature on the board -- and the Renew ability has a fine baseline of buffing something, and sometimes it'll be downright absurd.",U,R,3019,1.61,1607,1.63,8629,89.4%,54.2%,1515,53.7%,2173,59.2%,3688,56.9%,4852,51.9%,5.1pp
"Narset, Jeskai Waymaster",Rare,RUW,3.4,3,"Her ability can help you reload your hand late -- I mean, once you're in topdeck mode on turns when you draw a spell, she basically draws you a card each time. She's pretty mediocre earlier in the game though when you don't really want to discard.",WUR,R,2952,1.60,676,1.72,2633,66.6%,53.6%,426,,691,55.3%,1117,54.9%,1483,52.1%,2.8pp
Narset's Rebuke,Common,RUW,2.7,2,"5 mana for 5 damage is pretty bad. It's just hard to feel good about spending that much mana to remove most creatures, but the exile clause is nice, and if you can spend the three mana it gives you on something you'll feel pretty good. Most of the time, you won't be able to make use of the mana though.",R,C,58384,5.28,8500,7.74,33546,64.7%,55.3%,5603,53.4%,9002,57.2%,14605,55.7%,18914,55.1%,0.6pp
Nature's Rhythm,Rare,G,3.1,1.5,"This is just too clunky and expensive for Limited. Your deck isn't going to have sweet tool box creatures and the like -- it's going to have a bunch of Limited creatures, so overpaying for them isn't exactly amazing.",G,R,3942,1.92,305,,694,39.6%,50.7%,103,,163,,266,,421,,
"Neriv, Heart of the Storm",Mythic,BRW,-0,4,"The stats are great, and this upgrades all of your mobilize tokens -- as well as any creature with Haste.",WBR,M,1158,1.27,598,1.25,2911,81.8%,54.5%,471,,640,58.1%,1111,56.4%,1797,53.5%,3.0pp
New Way Forward,Rare,RUW,3.4,1,"This is too reactive. There will be times where it's insane of course -- but there will also be times where it's useless or effectively useless, and those'll be more common.",WUR,R,2466,1.37,666,1.38,2695,71.3%,52.9%,426,,759,57.3%,1185,55.1%,1514,51.5%,3.7pp
Nightblade Brigade,Common,B,1.6,2.5,"A three mana 1/3, even with death touch -- isn't great, but it comes with two other little pieces of value that help it out. Death touch + mobilize is a real pain for your opponent, and Surveil 1 can really help you out.",B,C,66492,6.90,8987,9.57,28366,51.4%,55.1%,4892,55.3%,6255,53.5%,11147,54.3%,17176,55.6%,-1.3pp
Nomad Outpost,Uncommon,BRW,3.6,3.5,"In other 3-color formats, the tri-lands are worth pretty high picks because they make your mana so much better.",,U,12825,2.71,2281,3.63,13032,93.7%,56.0%,2406,58.0%,2835,53.3%,5241,55.5%,7751,56.3%,-0.8pp
Opulent Palace,Uncommon,BGU,3.8,3.5,"In other 3-color formats, the tri-lands are worth pretty high picks because they make your mana so much better.",,U,12913,2.70,2096,3.49,11729,94.4%,54.9%,2189,58.3%,2936,55.6%,5125,56.8%,6490,53.2%,3.6pp
Osseous Exhale,Common,W,3.3,3,"This is a little bit narrow, and aggro decks won't love that a creature gets to block before they can use this, but it is reasonably efficient and will gain you life sometimes.",W,C,50237,4.12,8847,5.78,44198,82.7%,55.4%,7566,54.6%,10317,56.9%,17883,55.9%,26250,54.9%,1.0pp
Overwhelming Surge,Uncommon,R,3.5,3,"Three mana for 3 damage on an Instant is pretty good -- though not great. This will occasionally nab you a 2-for-1 though, which is nice.",R,U,16684,3.32,3112,4.33,15891,85.1%,55.8%,2644,55.5%,3730,56.4%,6374,56.0%,9481,55.6%,0.4pp
Perennation,Mythic,BGW,4.4,4,"It's expensive and needs some set up, but almost no matter what you reanimate, you're going to get a great deal here. I mean, even a 2/2 with hexproof and indestructible is sort of passable, and you're usually going to do way better.",WBG,M,1024,1.16,342,,1374,70.7%,50.1%,230,,355,,585,52.5%,788,48.6%,3.9pp
Piercing Exhale,Common,G,2.9,3.5,"This effect is great at instant speed, since you need to find a window when it's safe to cast -- otherwhise you risk a 2-for-1, and an instant can obviously be cast in a wider variety of situations than a Sorcery can. Also, when you do get to surveil with this it'll feel amazing.",G,C,50829,4.25,10308,5.56,54491,88.1%,54.8%,9188,54.5%,14024,59.0%,23212,57.3%,30575,52.8%,4.4pp
Poised Practitioner,Common,W,-0,1.5,"It feels like every set we get a three mana 2/3 with an effect that gives it a counter when you do something, and they've all been bad. They just have such a bad baseline, that it's really frustrating to jump through hoops for them.",W,C,66541,6.52,7353,9.49,16962,37.4%,55.8%,2917,55.2%,3730,54.2%,6647,54.6%,10293,56.5%,-1.9pp
Purging Stormbrood // Absorb Essence,Uncommon,BW,4.1,3.5,You'll cast the trick early when it's good -- which'll be pretty often -- and in the late game you get a pretty sweet dragon.,B,U,13510,2.81,3818,3.36,20705,90.0%,56.1%,3413,56.0%,5600,61.6%,9013,59.5%,12115,54.0%,5.5pp
Qarsi Revenant,Rare,B,4.6,5,"This is Vampire Nighthawk on steroids, even before we talk about the Renew ability! Once you add Renew to the mix, it's going to produce 2-for-1s with regularity -- either that, or just outright kill your opponent. There's basically no good outcome for your opponent when this thing hits the table.",B,R,1834,1.05,1146,1.05,6172,86.6%,57.4%,1075,60.9%,1541,62.2%,2616,61.7%,3522,53.9%,7.7pp
Rainveil Rejuvenator,Uncommon,G,2.8,2.5,"The stats aren't great, but this goes well in mill and ramp strategies, which seem to be there for the taking in Green.",G,U,23560,5.07,2272,7.39,6861,51.0%,53.0%,1220,49.8%,1677,53.9%,2897,52.2%,3919,53.3%,-1.1pp
Rakshasa's Bargain,Uncommon,BGU,3.2,3,"This is a really good draw spell, especially when you only pay three. It loads up the graveyard and gives you a 2-for-1.",UBG,U,23910,5.32,5810,6.59,25918,73.7%,56.0%,4304,55.9%,6818,59.8%,11122,58.3%,14462,54.1%,4.2pp
Rally the Monastery,Uncommon,W,3.8,3,"Casting this for 4 is acceptable because it has three very useful modes -- and casting it for two is amazing, and super doable.",W,U,15662,3.14,5742,3.57,33042,92.7%,58.3%,5470,58.9%,7780,61.5%,13250,60.4%,19775,56.9%,3.6pp
Rebellious Strike,Common,W,1.8,1.5 // 2.5,"If you aren't trying to trigger Prowess or Flurry, this isn't all that good. It gives a small buff and replaces itself, but that buff doesn't always do something meaningful. If you are in on flurry or prowess, it gets significantly better.",W,C,70540,8.44,15655,10.47,43043,44.1%,59.1%,7345,56.8%,9081,58.5%,16426,57.7%,26649,60.0%,-2.2pp
Rediscover the Way,Rare,RUW,-0,3,"It's a little slow and it never adds to the board, but it gives you lots of value for three mana.",WUR,R,2217,1.26,648,1.26,2953,75.6%,55.2%,473,,836,59.2%,1309,58.2%,1654,52.9%,5.3pp
Reigning Victor,Common,BRW,2,2.5,"The enters trigger often gives you a nice attack, and a creature with Mobilize is exactly what you want in Mardu.",WBR,C,64968,6.72,9188,9.18,34074,59.2%,58.3%,5737,57.4%,7260,58.4%,12997,57.9%,21082,58.5%,-0.6pp
Reputable Merchant,Common,BGW,1.1,2.5,"Even at 4 this isn't terribly inefficient, as it gives you 4/4 worth of stats in the long run.",WBG,C,68063,7.28,5356,11.06,8515,26.3%,52.6%,1450,51.9%,1927,52.5%,3377,52.2%,5125,52.9%,-0.6pp
Rescue Leopard,Common,R,1.4,2,"This is here to enable Harmonize, but I'm a little skeptical you want to play a creature with very mediocre stats and a rummage trigger.",R,C,68597,7.43,10960,10.34,25084,36.5%,57.0%,4349,56.5%,5501,55.6%,9850,56.0%,15203,57.8%,-1.8pp
Reverberating Summons,Uncommon,R,1.3,1.5,"This won't do anything much of the time, and by the time you can make it into a 3/3, it's probably not that scary. It's nice that you can throw it away for more cards, though.",R,U,28353,7.91,4396,10.84,3608,13.2%,54.0%,616,48.4%,806,53.2%,1422,51.1%,2185,55.8%,-4.7pp
Revival of the Ancestors,Rare,BGW,4.8,4,"This adds to the board in a big way up front, does it even more with Chapter II, and then takes advantage of everything it added to the board.",WBG,R,2024,1.11,877,1.10,4322,82.1%,56.5%,708,61.0%,1059,65.2%,1767,63.5%,2518,51.6%,11.9pp
Riling Dawnbreaker // Signaling Roar,Common,W,3,3,"This effectively fills two different spots on the curve which is great. It's not gonna feel amazing on two or 5, but it can do both serviceably, and that's a big deal.",W,C,44817,3.68,7072,5.30,37187,87.4%,55.9%,6579,53.7%,9919,56.1%,16498,55.2%,21745,56.2%,-1.1pp
Ringing Strike Mastery,Common,U,0.4,2,"It's frustrating that this kind of gets irrelevant in long games, but being a super cheap removal spell seems useful alongside Flurry.",U,C,69263,8.23,8419,11.67,8135,15.7%,50.8%,1414,47.9%,2089,54.1%,3503,51.6%,4583,50.0%,1.6pp
Rite of Renewal,Uncommon,G,1.7,2,"You can use this to win longer games by getting your two best permanent decks, and the other effect can disrupt the opponent or be used to shuffle your best cards back into your deck.",G,U,28462,7.73,4539,10.60,5939,21.5%,52.7%,979,46.7%,1543,55.4%,2522,52.0%,3352,52.9%,-0.9pp
Riverwalk Technique,Common,U,1.2,3,"We see this card all the time without the counter mode, and it's always at least a 2.5, and often better. So, throw in the fact that this can be bad Negate in a pinch, and this looks like a quality card.",U,C,62274,5.97,8191,8.84,28112,56.8%,55.6%,4603,52.6%,8026,58.7%,12629,56.5%,15143,54.6%,2.0pp
Riverwheel Sweep,Uncommon,RUW,2.2,2,"The base effect here has not performed well in Limited in the past -- as in, most of them have been 1.0 or so -- but the fact that this replaces itself makes a big difference, especially with Flurry.",WUR,U,26140,6.49,7116,8.24,24332,55.9%,56.9%,3980,53.6%,6767,59.8%,10747,57.6%,13570,56.1%,1.4pp
Roamer's Routine,Common,G,1.3,2.5,"Spending three mana and not adding to the board is a little scary, but this gives you ramp and fixing in a format where that looks like what you want to be doing -- and it can ultimately generate a 2-for-1.",G,C,68117,7.26,9049,10.11,18944,34.7%,52.3%,3387,50.6%,4693,52.8%,8080,51.9%,10833,52.6%,-0.8pp
Roar of Endless Song,Rare,GRU,4.4,5,"5 mana for two 5/5s is nuts, and chapter III will just end the game in most situations. Even if you just have those two elephants, that turn is going to be scary for your opponent -- and you'll usuall have more.",URG,R,2064,1.16,1345,1.16,7641,90.7%,58.0%,1348,64.3%,2150,65.4%,3498,65.0%,4028,51.5%,13.4pp
Roiling Dragonstorm,Uncommon,U,4,2.5,"The baseline here is sort of acceptable, and I think in most games you'll get to cast it a second time.",U,U,15143,3.04,5032,3.48,27451,89.8%,56.4%,4975,59.7%,7231,60.8%,12206,60.4%,14834,52.9%,7.5pp
Rot-Curse Rakshasa,Mythic,B,4.2,3,"This is a super weird card, but I think it's pretty nice. It has trouble really adding to the board, even once you factor in Renew -- but it seems flexible enough. You can spend lots of mana to make your opponent unable to block, or a little mana to turn it into a bad removal spell.",B,M,1725,1.76,598,1.79,2659,74.1%,55.0%,466,,597,56.6%,1063,55.6%,1593,54.7%,0.9pp
Rugged Highlands,Common,GR,2.3,3,These offer great fixing in a format where that really matters.,,C,50867,4.80,6966,6.61,36873,87.8%,55.5%,6756,57.6%,9247,55.1%,16003,56.2%,20462,54.9%,1.3pp
Runescale Stormbrood // Chilling Screech,Uncommon,RU,3.7,3,"You'll fire this off as a counterspell when you have the mana up and a target, but most of the time you're casting this as a medium dragon.",R,U,17528,3.54,3993,4.44,20609,87.4%,53.9%,3564,53.6%,6070,57.2%,9634,55.9%,11207,52.3%,3.6pp
Sage of the Fang,Uncommon,G,3.5,3,"The baseline here -- a three mana 3/3 -- is pretty decent, and it can go wild if you have more counters.",G,U,16016,3.22,2283,4.18,12141,89.4%,53.9%,2141,55.4%,2861,55.4%,5002,55.4%,7069,52.9%,2.5pp
Sage of the Skies,Rare,W,5,5,"Even if you only ever got a three mana 2/3 with Flying and lifelink, this would be a 3.5, but you're going to be able to get two copies often enough for this to be a bomb.",W,R,2039,1.12,1592,1.13,9670,96.3%,59.3%,1627,66.2%,2303,65.5%,3930,65.8%,5665,54.7%,11.0pp
Sagu Pummeler,Common,G,2.5,2.5,"This has good stats, and while it's Renew ability is a bit pricy, it is likely to make one of your creatures far more relevant.",G,C,50930,4.29,5060,6.59,26041,84.6%,55.3%,4358,53.9%,6392,58.3%,10750,56.6%,15117,54.4%,2.1pp
Sagu Wildling // Roost Seek,Common,G,2.6,3,"The Omen would probably be a playable card in this set on it's own since it's a nice way to fix. And while the creature isn't amazing, the life gain does make sure you get something out of it no matter what.",G,C,45669,3.74,12487,4.69,71330,95.1%,54.9%,12580,53.8%,23162,59.8%,35742,57.7%,37662,52.7%,5.0pp
Salt Road Packbeast,Common,W,3.5,4,"This is an excellent common. Paying the base cost isn't a disaster, and it will virtually always cost a lot less while generating a nice 2-for-1.",W,C,54150,4.41,14861,5.43,83691,90.4%,58.8%,13926,59.4%,18632,60.2%,32558,59.9%,50965,58.0%,1.9pp
Salt Road Skirmish,Uncommon,B,3.6,3,"4 mana for sorcery-speed destroy target creature isn't great -- but adding two temporary tokens to the board is a very real upgrade. Between the removal and those new bodies, you're likely to have a much better combat than your opponent expected.",B,U,14856,3.01,2510,3.81,13438,88.9%,55.6%,2282,54.9%,3147,57.9%,5429,56.6%,7944,54.9%,1.7pp
Sandskitter Outrider,Common,B,1.1,3.5,"Getting a 2/1 with menace and a 2/2 for 4 mana is a good deal, and Endure's flexibility can give you a 4/3 Menace instead when that's what you need.",B,C,64624,6.40,3944,10.29,6530,26.8%,55.5%,1108,54.8%,1448,55.9%,2556,55.4%,3962,55.6%,-0.2pp
Sandsteppe Citadel,Uncommon,BGW,3.5,3.5,"In other 3-color formats, the tri-lands are worth pretty high picks because they make your mana so much better.",,U,12824,2.66,1688,3.65,9185,93.2%,53.7%,1701,56.2%,2122,53.3%,3823,54.6%,5314,52.9%,1.7pp
"Sarkhan, Dragon Ascendant",Rare,R,4.8,4,"I think getting this and a dragon in your opening hand is going to happen reasonably often, and when that's true this card will feel great between the treasure it gives you and the dragon that will buff Sarkhan. The baseline is fine, too.",R,R,1928,1.18,810,1.19,4150,82.1%,56.4%,751,58.2%,1004,58.6%,1755,58.4%,2378,54.8%,3.7pp
Sarkhan's Resolve,Common,G,0.7,2,"Plummet or a medium trick is what you get here, and if you're in the market for either of those, it's not bad.",G,C,69220,7.65,12617,10.10,35068,45.5%,54.9%,5858,52.6%,9011,58.8%,14869,56.4%,19848,53.7%,2.7pp
Scavenger Regent // Exude Toxin,Rare,B,-0,5,"Even if this was always a dragon it'd be pretty good, since it's efficient and your opponent can't remove it without getting 2-for-1'd, but throw in the fact that this can be a sweeper when that's what you need, and this looks excellent.",B,R,1840,1.04,1316,1.04,7501,93.3%,56.2%,1280,59.1%,2102,61.7%,3382,60.7%,4233,53.0%,7.7pp
Scoured Barrens,Common,BW,2.4,3,These offer great fixing in a format where that really matters.,,C,46784,4.36,6438,6.34,34073,87.6%,55.9%,6188,58.4%,7372,53.7%,13560,55.8%,20403,55.8%,0.0pp
Seize Opportunity,Common,R,1,2.5,"The trick mode is great when it lines up correctly, and when it doesn't you have a pretty good draw spell for Red -- one likely to help with Flurry.",R,C,69776,8.37,10964,11.29,15399,22.3%,57.6%,2527,53.7%,3244,56.6%,5771,55.3%,9640,58.8%,-3.5pp
Severance Priest,Rare,BGW,3.2,3,"This disrupts your opponent in a big way, and death touch + the effect makes it so your opponent can never come out ahead in terms of cards.",WBG,R,2524,1.35,318,,971,52.7%,56.0%,186,,230,,416,,553,55.3%,
"Shiko, Paragon of the Way",Mythic,RUW,4.8,5,"You'll virtually always have a spell to cast with this, which gives you a 2-for-1 up front -- and will trigger everythign with Flurry. And after that you have a huge dragon.",WUR,M,991,1.11,748,1.09,3900,86.8%,55.5%,668,58.8%,980,64.0%,1648,61.9%,2189,50.3%,11.6pp
Shock Brigade,Common,R,3.3,2.5,"This feels pretty good on turn two, and Menace means it can produce a token in many situations.",R,C,54829,4.71,11888,5.85,67891,90.7%,58.6%,12415,60.0%,14360,56.2%,26775,57.9%,41058,59.0%,-1.1pp
Shocking Sharpshooter,Uncommon,R,4,3.5,"This stat-line + Reach has performed well of-late, and this format is very much geared towards this triggered ability. Red decks will have no shortage of ways to generate multiple bodies.",R,U,16603,3.31,5690,3.75,33460,93.5%,59.0%,5961,60.7%,7236,58.8%,13197,59.6%,20207,58.5%,1.1pp
Sibsig Appraiser,Common,U,3.1,4,"This is an absurd common. A three mana 2/1 that just draws you a card would be a very good Common -- but this is way better, because it gives you selection and loads your graveyard.",U,C,46679,3.86,13253,4.74,74948,92.9%,56.4%,13249,57.6%,20325,60.3%,33574,59.2%,40359,54.0%,5.3pp
"Sidisi, Regent of the Mire",Rare,B,3.7,1.5,"It's tough to make this activated ability do anything meaningful. Giving up something on board for a creature that might be slightly better isn't very appealing, and even making that line up in the first place is challenging.",B,R,2762,1.46,370,,1371,60.6%,54.5%,235,,316,,551,53.9%,806,54.8%,-0.9pp
Sinkhole Surveyor,Rare,B,4.6,5,"This is a two drop that can take over the game quickly. Spitting out 1/1s is nice, but it's also great it can grow itself, because it makes it more likely it can keep attacking and triggering endure. Things will snowball and get out of hand if it's not dealt with.",B,R,1926,1.12,1107,1.12,5995,87.5%,56.0%,1127,63.9%,1347,56.1%,2474,59.6%,3486,53.4%,6.2pp
Skirmish Rhino,Uncommon,BGW,2.9,3,Baby Siege Rhino is definitely pretty good -- draining life is really strong in Limited since it alters races in such a big way.,WBG,U,13865,2.90,1024,3.81,5073,81.8%,55.0%,850,54.1%,1235,57.7%,2085,56.3%,2965,54.0%,2.3pp
Smile at Death,Mythic,W,4.6,1.5,"It just seems too hard to set this up, especially because it's a 5 mana do-nothing the turn it comes down.",W,M,1183,1.28,482,,2390,81.2%,54.0%,416,,519,53.4%,935,52.6%,1452,54.8%,-2.2pp
Snakeskin Veil,Common,G,2.6,3,"This is a super annoying trick that blanks removal super efficiently while leaving behind a very real buff, and it can even do the job in combat.",G,C,66787,6.74,10600,9.22,36010,56.1%,54.9%,5962,55.5%,9039,57.5%,15001,56.7%,20725,53.6%,3.2pp
Snowmelt Stag,Common,U,1.4,1.5,"It's kind of cool that this has a fluctuating stat-line, and that it can be good with Harmonize -- but spending 4 mana on a 5/2 is terrible, and that's what this is half the time. Your opponent will be able to spend 1-2 mana to kill it with ease, and that's brutal.",U,C,70557,8.99,10348,12.29,6120,9.7%,52.6%,1024,52.9%,1646,53.9%,2670,53.6%,3396,51.9%,1.7pp
Songcrafter Mage,Rare,GRU,3.9,4,"This is going to feel like a better Snapcaster Mage in many situations since it can help you cast the things it gives Harmonize too. Sometimes it won't have anything in the graveyard to target, though.",URG,R,2955,1.60,736,1.67,3227,74.0%,54.5%,521,49.5%,891,59.1%,1412,55.6%,1784,53.0%,2.6pp
Sonic Shrieker,Uncommon,BRW,4.3,4,"Whether you drain your opponent's life and make them discard, or kill one of their creatures and gain 2, the investment here is very much worth it since it's a 2-for1.",WBR,U,14230,2.93,5808,3.27,32119,88.7%,58.5%,5291,59.6%,7713,64.7%,13004,62.6%,18866,55.4%,7.2pp
Spectral Denial,Uncommon,U,2.3,3,"This is a very nice counterspell because it scales all game long, and it can even be super efficient at times.",U,U,27137,6.79,6296,8.58,19690,51.4%,55.6%,3438,55.1%,5509,59.3%,8947,57.7%,10530,53.6%,4.0pp
Stadium Headliner,Rare,R,5,3.5,"On turn one this can threaten to do tons of damage, and when it reaches a point where it can't attack any more, it turns into a removal spell -- one that it helps make better, since you can make a mobilize token before you use it.",R,R,2238,1.24,889,1.25,4763,87.2%,57.7%,883,60.6%,1032,56.2%,1915,58.2%,2846,57.3%,0.9pp
Stalwart Successor,Uncommon,BG,3.4,3,"This payoff is pretty solid, but the stat-line isn't.",BG,U,17515,3.41,2068,4.16,10423,86.7%,52.1%,1765,52.4%,2332,53.2%,4097,52.8%,6259,51.6%,1.3pp
Starry-Eyed Skyrider,Uncommon,W,3.8,2.5,"The stat-line's pretty ugly, but giving flying to other things -- including mobilize tokens, does enough to make up for that.",W,U,14116,2.87,2105,3.59,11246,88.5%,56.0%,2011,54.5%,2374,53.6%,4385,54.0%,6860,57.3%,-3.3pp
Static Snare,Uncommon,W,4.2,3.5,"Paying 5 for this 100% of the time would be like a 2.0, but this will typically cost less. Keep in mind it counts attacking creatures either player controls.",W,U,11761,2.40,4445,2.80,25515,95.1%,57.2%,4305,56.1%,5919,59.0%,10224,57.8%,15209,56.8%,1.0pp
Stillness in Motion,Rare,U,1.6,0,"This basically does nothing in Limited. There are self-mill decks in the format to be sure, but a card that only does that is a liability.",U,R,4918,2.39,190,,46,4.0%,,8,,12,,20,,25,,
Stormbeacon Blade,Uncommon,W,2,1.5,"This will feel good when it works out, but the baseline is pretty bad.",W,U,26530,6.01,3809,8.08,11290,48.9%,54.6%,1911,50.5%,2485,50.8%,4396,50.7%,6897,57.0%,-6.3pp
Stormplain Detainment,Common,W,3.6,3,"As usual, Banishing Light-like cards are pretty good in Limited. It's not the most efficient thing ever and it's Sorcery speed, but it can hit any nonland.",W,C,36472,3.00,8161,3.94,46554,93.7%,56.8%,7894,56.1%,10725,58.8%,18619,57.6%,27781,56.2%,1.5pp
Stormscale Scion,Mythic,R,4.7,3,"If you can't get a second copy of this, it's not very good. It will maybe be buffing one other thing if you're lucky, and be way below rate. However, getting two copies of it seems pretty doable -- keep in mind it counts your opponent's spells too!",R,M,1021,1.17,632,1.18,3255,85.4%,55.2%,550,53.6%,898,60.8%,1448,58.1%,1758,52.6%,5.5pp
Stormshriek Feral // Flush Out,Common,R,-0,2.5,"The Omen is good at getting Flurry going, and the creature -- while not amazing, does come with Haste so it can often get in for damage before your opponent takes it down.",R,C,50063,4.27,6321,6.54,30455,79.4%,55.5%,5520,52.6%,8402,57.2%,13922,55.4%,17292,55.3%,0.1pp
Strategic Betrayal,Uncommon,B,3,3,"Exiling graveyards matters in a big way in this format, and two mana edicts are usually playable to begin with.",B,U,19653,4.05,1842,5.86,7222,65.8%,54.0%,1273,52.2%,1713,57.3%,2986,55.1%,4198,53.1%,1.9pp
Sultai Devotee,Common,BGU,2.9,2.5,"This fixes mana well, and it can trade for anything once it's outlived it's usefulness.",G,C,54557,4.68,7145,6.77,36247,84.0%,55.0%,6671,55.1%,8767,56.6%,15438,56.0%,20475,54.2%,1.8pp
Sultai Monument,Uncommon,BGU,2.7,3,"This is great at fixing your mana early and then can give you a real presence on board late. The Monuments all give you nice 2-for-1s, and I think that makes up for them not adding to the board on turn two.",,U,20286,4.02,2542,5.45,11529,75.5%,55.4%,2150,55.2%,2979,57.4%,5129,56.5%,6303,54.4%,2.1pp
Summit Intimidator,Common,R,1.4,2,This trigger can be really good when you're the beat down and curving out. But it can also be useless if you're at parity or behind.,R,C,69317,8.09,9644,11.30,12471,20.6%,55.3%,2072,53.1%,2703,53.8%,4775,53.5%,7684,56.5%,-2.9pp
Sunpearl Kirin,Uncommon,W,3.8,4,"A two mana 2/1 with Flash and Flying is already playable, and this has massive upside. As usual the bounce effect can save a creature or rebuy an ""enters"" trigger, but in this case you can also give up a Mobilize token to draw a card, which is pretty sweet.",W,U,14236,2.84,4100,3.33,23854,93.8%,58.3%,4275,58.9%,5230,59.5%,9505,59.2%,14305,57.7%,1.5pp
Sunset Strikemaster,Uncommon,R,3.9,4,"This red mana dork is sweet, as it can help with your mana in a big way. Dropping 4-drops when your opponent only has 3 mana is sweet -- and once you don't really need mana anymore, it can take down dragons.",R,U,14956,3.02,4735,3.62,27970,94.6%,57.9%,5186,59.1%,6211,57.3%,11397,58.1%,16467,57.8%,0.3pp
"Surrak, Elusive Hunter",Rare,G,-0,4,"Surrak makes sure your opponent can't use removal spells without regretting it in a big way, and he's a pretty heavy hitter.",G,R,2207,1.23,1413,1.25,7778,91.2%,56.3%,1355,64.2%,2034,59.4%,3389,61.3%,4293,52.2%,9.1pp
Swiftwater Cliffs,Common,RU,2.9,3,These offer great fixing in a format where that really matters.,,C,47017,4.44,7298,6.28,39829,90.7%,55.3%,7393,56.1%,10143,56.1%,17536,56.1%,21899,54.5%,1.6pp
Synchronized Charge,Uncommon,G,3.2,3,"The base form of this card is very solid, and Harmonizing it late is likely to have a big impact on the board in a format with lots of counters.",G,U,21701,4.52,2943,6.11,11794,66.4%,55.8%,1940,56.3%,2836,59.8%,4776,58.4%,6953,53.8%,4.5pp
"Taigam, Master Opportunist",Mythic,U,5,2.5,He gives you card advantage -- but only in the long run. Waiting several turns to get that card is kind of a pain after you already jumped through hoops to double spell in the first place.,U,M,1184,1.35,569,1.37,2902,86.9%,54.8%,506,53.6%,760,55.8%,1266,54.9%,1598,54.4%,0.5pp
Teeming Dragonstorm,Uncommon,W,4,3,"Casting this only once feels fine, and it won't be unusual to get to cast it again later in the game.",W,U,15731,3.15,6081,3.63,31735,85.9%,56.3%,5358,57.3%,7846,59.4%,13204,58.6%,18324,54.7%,3.9pp
Tempest Hawk,Common,W,1.2,1.5,"Wind Drakes are pretty mediocre these days, and this one has to get in for you to get another copy -- and in a set with lots of efficient flyers, I don't see that happening enough.",W,C,61638,5.55,5033,8.26,10342,33.1%,57.2%,1710,55.3%,2051,55.2%,3761,55.3%,4767,55.6%,-0.3pp
Temur Battlecrier,Rare,GRU,4.1,3,"This will reduce the cost of spells all on it's own, but it's the kind of effect that has diminishing returns the longer the game goes on.",URG,R,2515,1.40,853,1.40,4184,80.7%,55.6%,683,59.4%,1181,58.7%,1864,59.0%,2266,52.9%,6.1pp
Temur Devotee,Common,GRU,-0,2.5,"This is a solid defensive creature that helps filter your mana, and those two things go together pretty well.",U,C,67411,7.16,11105,9.79,37631,56.5%,54.2%,6799,53.9%,9800,54.8%,16599,54.4%,20753,54.0%,0.4pp
Temur Monument,Uncommon,GRU,3.2,3,"This is great at fixing your mana early and then can give you a real presence on board late. The Monuments all give you nice 2-for-1s, and I think that makes up for them not adding to the board on turn two.",,U,18062,3.64,2797,4.74,14481,85.0%,55.8%,2745,56.8%,3749,58.1%,6494,57.5%,7831,54.5%,3.1pp
Temur Tawnyback,Common,GRU,2.3,3,"I'm reasonably happy paying 4 for this, and paying 3 for it will feel great. Looting is super good in Limited, especially when there are two graveyard mechanics.",URG,C,63003,6.23,10966,8.34,45786,68.6%,55.4%,7718,55.9%,12339,58.2%,20057,57.3%,25221,53.9%,3.4pp
Tersa Lightshatter,Rare,R,5,4,"The stats are solid and the enters trigger is a pretty great way to dig deeper in your deck for better cards -- throw in it's attack trigger, and you have a very powerful creature.",R,R,1960,1.12,1122,1.12,6527,94.4%,57.7%,1188,58.2%,1537,58.2%,2725,58.2%,3768,57.3%,0.9pp
"Teval, Arbiter of Virtue",Mythic,BGU,5,4,"It's a little bit dangerous, but being able to cast spells on the cheap and getting a huge lifelink dragon will mostly offset the downside.",UBG,M,880,1.05,564,1.04,3142,89.2%,55.8%,577,57.9%,861,63.2%,1438,61.1%,1631,50.6%,10.5pp
The Sibsig Ceremony,Rare,B,2,0,"There's just no way to get this going in Limited. Youl would need every creature in your deck to either be very cheap or have an enters or death trigger, and that's not happening.",B,R,4854,2.36,233,,45,3.4%,,10,,11,,21,,24,,
Thornwood Falls,Common,GU,2.7,3,These offer great fixing in a format where that really matters.,,C,47316,4.47,7508,6.21,42357,93.4%,55.7%,7885,56.6%,10511,56.6%,18396,56.6%,23479,54.8%,1.8pp
Thunder of Unity,Rare,BRW,4.5,3,"This never adds to the board on it's own, but presumably the cards it draws you will help you add to the board on subsequent turns and the drain life effect is nuts with Mobilize.",WBR,R,2462,1.36,633,1.33,2821,74.1%,55.8%,449,,607,54.9%,1056,54.5%,1765,56.4%,-2.0pp
Trade Route Envoy,Common,G,2.3,3.5,"This is such a good Common, no matter which mode you get. If you get a 4-mana 5/4 that helps with token synergy -- fine, and if you get a 4-mana 4/3 that draws you a card -- great!",G,C,54014,4.66,3809,7.35,15348,67.3%,53.8%,2565,53.2%,3770,55.4%,6335,54.5%,8953,53.2%,1.3pp
Tranquil Cove,Common,UW,2.3,3,These offer great fixing in a format where that really matters.,,C,50674,4.81,6011,7.00,29589,81.8%,54.8%,5410,56.8%,7556,55.9%,12966,56.3%,16370,53.4%,2.9pp
Traveling Botanist,Uncommon,G,4.3,3.5,"This has nice stats and this trigger is pretty sweet. You either draw a card or Surveil 1, and I'm happy with either.",G,U,13023,2.66,4432,3.12,25564,94.7%,56.7%,4724,61.5%,6192,58.1%,10916,59.6%,14393,54.5%,5.1pp
Twin Bolt,Common,R,1.8,3,"Dividing damage is a big deal. Killing two X/1s with this feels great, and you can also use it to Shock your opponent, or do 1 to a creature and 1 to your opponent.",R,C,64883,6.38,6763,9.71,13101,31.1%,55.2%,2209,53.6%,2942,54.9%,5151,54.3%,7949,55.6%,-1.3pp
Twinmaw Stormbrood // Charring Bite,Uncommon,RW,4.5,,N/A,W,U,9050,1.95,5265,2.15,31158,96.9%,57.4%,5417,57.9%,9053,61.9%,14470,60.4%,17596,55.3%,5.1pp
"Ugin, Eye of the Storms",Mythic,Colorless,5,5,"He comes down, exiles your opponent's best permanent and then stats drawing you cards and gaining you life. His loyalty is massive, so taking him down is not easy, and the card advantage he grants is absurd.",,M,901,1.00,863,1.00,5412,97.7%,61.0%,899,65.6%,1481,73.1%,2380,70.3%,2975,53.2%,17.0pp
Unburied Earthcarver,Common,B,1,2,I think this activated ability is a little bit too expensive to be easily accessible on most turns.,B,C,69823,8.07,7985,11.44,11481,23.5%,52.5%,2074,51.8%,2453,50.8%,4527,51.2%,6948,53.3%,-2.1pp
Underfoot Underdogs,Common,R,3,2.5,"This activated ability isn't great, but the baseline of a three mana 1/2 and a 1/1 is fine. The ability may also play better in a format with lots of low-power Mobilize creatures.",R,C,68062,7.40,10690,9.87,34158,50.5%,58.8%,5890,57.8%,7012,56.3%,12902,57.0%,21257,59.8%,-2.8pp
Undergrowth Leopard,Common,G,1.2,2,"This has an okay baseline, and occasionally it'll turn into Naturalize.",G,C,61846,5.76,5617,8.80,19502,57.0%,54.4%,3504,56.6%,4728,55.4%,8232,55.9%,11135,53.3%,2.7pp
Unending Whisper,Common,U,1.7,2.5,"This gives you a 2-for-1 in the long run, and it's a cheap draw spell to help you get Flurry going.",U,C,69537,8.04,15649,10.24,41111,42.9%,55.4%,7263,55.0%,10890,58.6%,18153,57.2%,22709,54.0%,3.1pp
United Battlefront,Rare,W,2.7,0,"This is way too narrow for Limited. Your deck won't have enough nonland permanents with mana value 3 or less for you to consistently hit even one card with it, much less two.",W,R,3613,1.86,256,,123,8.2%,,18,,33,,51,,72,,
Unrooted Ancestor,Uncommon,B,1.9,3,"A three mana 3/2 isn't great, even with Flash -- but gaining indestructibility is no small thing, and will allow this to wreck many attacks -- while being a scarier attacker itself. It gets even better with Mobilize.",B,U,24351,5.48,2186,8.38,5303,41.3%,52.7%,951,51.3%,1256,52.9%,2207,52.2%,3093,53.1%,-0.9pp
Unsparing Boltcaster,Uncommon,R,2.7,3,"It feels like you'll be able to set this up to do 5 without too much trouble, thanks to mobilize. When you can, it'll feel great -- and when you can't, you won't feel terrible about a three mana 3/3.",R,U,24765,5.60,3999,7.71,15442,62.2%,57.5%,2641,54.6%,3323,55.1%,5964,54.9%,9477,59.1%,-4.2pp
Ureni's Rebuff,Uncommon,U,2.8,2.5,"Without Harmonize this wouldn't be great -- it's a bad Unsummon. But adding Harmonzie to the mix changes the equation in a big way, since you'll often cast it twice.",U,U,19641,4.12,3354,5.59,15743,78.6%,55.2%,2649,52.8%,4311,59.7%,6960,57.1%,8627,53.6%,3.5pp
"Ureni, the Song Unending",Mythic,GRU,4.8,4.5,"Casting this will win you the game virtually every time, and there's enough ramp around for this to be castable -- but it will get stuck in your hand sometimes.",URG,M,894,1.06,688,1.06,3918,89.8%,59.6%,640,63.7%,1148,72.8%,1788,69.6%,2046,50.5%,19.1pp
Venerated Stormsinger,Uncommon,B,3.3,3,"Draining 1 life for every mobilize token is amazing, and this will do a lot more than that. It also counts itself, so it'll usually at least drain 1 life as a fail case.",B,U,14989,3.03,2198,3.84,11512,86.6%,56.6%,1915,56.1%,2519,58.0%,4434,57.2%,7067,56.3%,0.9pp
Veteran Ice Climber,Uncommon,U,2.7,3.5,"Even without the attack trigger this would be a quality card, and with it you can not only load your graveyard with sweet value -- you can find cards with Renew to buff this unblockable creature.",U,U,23449,5.13,3147,7.07,11016,59.2%,53.3%,1997,53.6%,2800,56.2%,4797,55.1%,6118,51.7%,3.4pp
Voice of Victory,Rare,W,4.6,3,"A two mana 1/3 with Mobilize 2 is a pretty nice rate, and that's most of where this card's value comes from. Although, it's nice knowing that your tricks can't be blown out when this is in play.",W,R,2205,1.22,1394,1.22,7973,92.1%,59.0%,1459,63.7%,1724,59.9%,3183,61.6%,4780,57.2%,4.4pp
Wail of War,Uncommon,B,2.4,2.5,"The second mode on this card usually makes for a playable card in Limited, but it can be awkward because it's only good later. So it's great they gave this a mode that can be useful in the early game for picking off X/1s.",B,U,21084,4.45,1526,7.04,4237,46.3%,53.5%,723,50.3%,977,56.0%,1700,53.6%,2518,53.3%,0.3pp
Warden of the Grove,Rare,G,4.8,5,"This will end the game in a few turns if you can't deal with it. Not only does it grow, it also makes all of your creature spells way better.",G,R,1979,1.13,1378,1.12,7683,93.0%,56.2%,1418,65.9%,1976,59.0%,3394,61.8%,4193,51.7%,10.2pp
War Effort,Uncommon,R,3.2,2,"Just the buff and a 1/1 every turn isn't really worth a card most of the time -- but if you've gone wid enough, that buff gets much better.",R,U,21837,4.43,6451,4.86,34511,85.8%,58.5%,5792,57.7%,7479,59.3%,13271,58.6%,21217,58.4%,0.2pp
Watcher of the Wayside,Common,Colorless,0.9,1.5,This has bad stats and a mediocre enters trigger. You'll play it in your graveyard decks when you're desperate.,,C,70570,8.53,5487,12.15,2118,6.2%,53.5%,384,,538,55.6%,922,54.2%,1182,53.0%,1.3pp
Wayspeaker Bodyguard,Uncommon,W,3.2,2.5,"It feels like this enters trigger will usually give you something back, and the Flurry trigger will be nice in aggro decks.",W,U,21209,4.40,3577,5.65,16692,76.5%,57.5%,2796,54.4%,3593,56.2%,6389,55.4%,10299,58.7%,-3.3pp
Whirlwing Stormbrood // Dynamic Soar,Uncommon,GU,3.9,,N/A,U,U,13863,2.84,3217,3.54,17532,92.8%,53.7%,2913,52.4%,5087,58.0%,8000,55.9%,9611,51.8%,4.1pp
Wild Ride,Common,R,0.9,1,Sorcery-speed buffs that don't help toughness are pretty underwhelming.,R,C,70634,8.81,11089,11.70,10619,15.3%,56.0%,1732,53.2%,2189,53.9%,3921,53.6%,6700,57.4%,-3.9pp
Windcrag Siege,Rare,RW,5,4.5,"Getting a free token every turn adds up in a hurry, and if you have a bunch of Mobilize on the board, the Mardu mode is likely to do a ton of work.",WR,R,3580,1.76,1993,1.79,10979,89.6%,58.1%,1841,63.9%,2518,56.7%,4359,59.8%,6596,57.1%,2.7pp
Wind-Scarred Crag,Common,RW,3,3,These offer great fixing in a format where that really matters.,,C,46770,4.38,7923,6.19,45147,92.9%,57.0%,8365,58.4%,10031,55.0%,18396,56.5%,26612,57.3%,-0.8pp
Wingblade Disciple,Uncommon,U,3.8,3.5,"While I don't love the baseline here, even just getting a single 1/1 flyer out of it is going to feel great.",U,U,16637,3.33,4886,3.88,25641,87.7%,55.6%,4502,55.6%,7016,59.1%,11518,57.7%,13771,53.6%,4.1pp
Wingspan Stride,Common,U,0.5,1.5,"This buff is pretty good for the cost, and the fact it can bounce is kind of sweet with Flurry and Prowess -- but it's still a card that risks a 2-for-1, and I don't think it does enough to offset that.",U,C,70944,9.78,11005,12.94,1892,2.7%,47.8%,304,,471,,775,48.9%,1115,47.0%,1.9pp
Winternight Stories,Rare,U,-0,2.5,"This is a decent draw spell that gets a lot better thanks to Harmonize -- if this format is slow it might be insane, but if it's a typical format it's probably just solid because it never adds to the board.",U,R,2282,1.25,1065,1.28,5642,88.3%,56.0%,952,56.7%,1518,61.7%,2470,59.8%,3129,53.1%,6.7pp
Worthy Cost,Common,B,2.1,2.0 // 3.5,"This set has tons of tokens, so making this a servicable removal spell is pretty doable -- and in decks with lots of Mobilize, it might just be your best removal spell.",B,C,62000,5.86,5232,8.98,14847,47.1%,53.8%,2462,50.9%,3317,54.8%,5779,53.2%,9040,54.2%,-1.1pp
Yathan Roadwatcher,Rare,BGW,3.8,4.5,"This'll usually have something to reanimate, and paying 4 mana for a 3/3 + something that costs 2 or 3 mana is going to feel like a great deal.",WBG,R,2256,1.25,431,,1583,62.2%,52.1%,275,,378,,653,56.5%,927,49.1%,7.4pp
Yathan Tombguard,Uncommon,B,3,3,"Black has lots of counters in this set, so drawing cards with this isn't a pipe dream. It's even a good place to put counters in the first place thanks to Menace.",B,U,17961,3.63,1631,4.90,7367,78.0%,52.9%,1279,52.0%,1689,52.5%,2968,52.3%,4377,53.2%,-0.9pp
Zurgo's Vanguard,Uncommon,R,3,2.5,"This'll often have pretty high power, and it can help raise it's own power thanks to Mobilize.",R,U,19850,4.03,5030,4.79,28428,89.7%,59.0%,4872,60.1%,6182,58.7%,11054,59.3%,17365,58.7%,0.6pp
"Zurgo, Thunder's Decree",Rare,BRW,3.8,4,"This is a very real upgrade to your mobilize, and Zurgo even comes with it.",WBR,R,2084,1.21,924,1.20,4746,83.5%,57.6%,815,59.5%,1035,56.6%,1850,57.9%,2894,57.4%,0.5pp
