"Name","Color","Rarity","# Seen","ALSA","# Picked","ATA","# GP","% GP","GP WR","# OH","OH WR","# GD","GD WR","# GIH","GIH WR","# GNS","GNS WR","IIH"
"Summon: Bahamut","","M","8159","1.45","5293","1.43","28860","89.3%","54.3%","4803","51.4%","7881","59.9%","12684","56.7%","15819","52.0%","4.7pp"
"Ultima, Origin of Oblivion","","R","30200","2.56","7429","2.87","38007","86.2%","52.5%","6282","50.5%","9938","54.5%","16220","52.9%","21610","52.0%","0.9pp"
"Adelbert Steiner","W","U","108553","3.36","28126","3.99","153816","87.3%","57.1%","27761","58.4%","35414","57.7%","63175","58.0%","90443","56.6%","1.5pp"
"Aerith Gainsborough","W","R","28421","2.43","8106","2.67","40837","83.0%","54.7%","7173","55.7%","9874","55.1%","17047","55.3%","23719","54.2%","1.2pp"
"Aerith Rescue Mission","W","C","528215","6.97","64317","10.03","127368","32.4%","54.6%","21133","51.7%","29335","55.5%","50468","53.9%","76583","55.1%","-1.2pp"
"Ambrosia Whiteheart","W","U","122814","3.69","27900","4.58","150109","87.1%","56.2%","26846","56.2%","34709","56.5%","61555","56.4%","87620","56.0%","0.4pp"
"Ashe, Princess of Dalmasca","W","U","144164","4.51","22776","6.06","101225","72.5%","55.6%","17921","55.7%","23422","53.9%","41343","54.7%","59712","56.2%","-1.5pp"
"Auron's Inspiration","W","U","207285","7.16","24699","10.34","33038","22.0%","54.5%","5494","51.7%","7367","53.1%","12861","52.5%","20165","55.8%","-3.2pp"
"Battle Menu","W","U","112244","3.34","29617","4.05","164876","89.2%","57.0%","29155","56.6%","38943","59.2%","68098","58.1%","96189","56.2%","1.9pp"
"Cloud, Midgar Mercenary","W","M","11301","2.00","4840","1.98","24684","81.8%","56.9%","4468","60.3%","5755","57.5%","10223","58.7%","14393","55.7%","2.9pp"
"Cloudbound Moogle","W","C","540329","7.27","55575","10.86","72650","21.4%","53.3%","12689","50.3%","17146","53.4%","29835","52.1%","42653","54.2%","-2.1pp"
"Coeurl","W","C","528419","6.95","61856","10.12","138582","36.6%","54.7%","24945","54.0%","31717","53.8%","56662","53.9%","81642","55.3%","-1.5pp"
"Crystal Fragments","W","U","170556","5.39","21464","7.74","70399","54.1%","53.7%","12287","52.5%","15976","52.3%","28263","52.4%","39225","54.1%","-1.7pp"
"The Crystal's Chosen","W","U","154634","4.83","29794","6.21","122893","67.4%","55.6%","19967","54.7%","29811","58.5%","49778","57.0%","72699","54.7%","2.3pp"
"Delivery Moogle","W","U","122936","3.76","36186","4.31","189361","82.6%","58.2%","32190","59.4%","45202","60.3%","77392","59.9%","111246","57.0%","2.9pp"
"Dion, Bahamut's Dominant","W","R","15796","1.39","12714","1.37","77836","94.5%","58.3%","13730","64.0%","19474","64.8%","33204","64.5%","43975","53.7%","10.8pp"
"Dragoon's Lance","W","U","84854","2.66","34742","2.88","202078","90.6%","58.8%","36975","63.1%","44928","60.2%","81903","61.5%","104829","55.3%","6.3pp"
"Dwarven Castle Guard","W","C","506373","6.33","66546","8.99","218310","53.6%","55.0%","39551","54.7%","50223","53.6%","89774","54.1%","128097","55.6%","-1.5pp"
"Fate of the Sun-Cryst","W","C","415576","4.79","56944","6.86","256534","74.0%","54.4%","43054","51.5%","62130","55.8%","105184","54.0%","150425","54.6%","-0.6pp"
"From Father to Son","W","R","83558","6.73","10799","10.14","720","1.1%","47.2%","130","","181","","311","","410","",""
"G'raha Tia","W","U","128799","3.97","22885","5.14","107602","77.5%","54.2%","17928","52.8%","26129","54.8%","44057","54.0%","63434","54.3%","-0.3pp"
"Gaelicat","W","C","440313","5.26","75077","6.98","363685","78.1%","56.8%","62879","56.1%","86069","57.0%","148948","56.6%","214160","56.9%","-0.3pp"
"Machinist's Arsenal","W","R","24299","2.12","11522","2.15","64396","89.0%","56.6%","10838","57.4%","15659","59.7%","26497","58.7%","36593","54.7%","4.1pp"
"Magitek Armor","W","U","150811","4.59","33125","5.73","160490","77.8%","56.9%","26926","57.5%","38134","56.7%","65060","57.0%","93947","56.6%","0.4pp"
"Magitek Infantry","W","C","413791","4.98","92240","6.16","399714","68.8%","58.6%","71655","60.4%","77070","55.8%","148725","58.0%","242392","58.7%","-0.7pp"
"Minwu, White Mage","W","R","38906","3.27","7045","3.97","27073","64.6%","52.4%","4514","49.9%","6521","52.5%","11035","51.5%","16006","53.1%","-1.6pp"
"Moogles' Valor","W","R","30204","2.58","11712","2.72","61970","84.7%","56.5%","10377","56.3%","14784","60.5%","25161","58.8%","36578","54.8%","3.9pp"
"Paladin's Arms","W","C","435869","5.09","69992","6.98","356406","82.4%","56.3%","62712","55.9%","82677","55.6%","145389","55.7%","206684","56.6%","-0.9pp"
"Phoenix Down","W","U","190878","6.18","23673","8.94","52954","36.8%","54.0%","8902","50.6%","12235","53.2%","21137","52.1%","29018","54.4%","-2.2pp"
"Restoration Magic","W","U","162837","4.95","25319","6.76","104816","67.5%","56.2%","17368","55.3%","24927","58.2%","42295","57.0%","62285","55.6%","1.4pp"
"Sidequest: Catch a Fish","W","U","192341","6.55","20504","9.89","24826","20.0%","52.3%","4217","51.2%","5828","50.1%","10045","50.5%","14733","53.4%","-2.9pp"
"Slash of Light","W","C","440007","5.19","72665","7.00","356138","79.1%","56.5%","59573","55.0%","83173","57.7%","142746","56.6%","212452","56.5%","0.1pp"
"Snow Villiers","W","U","178396","5.72","20483","8.42","58606","47.1%","53.7%","10217","51.7%","13402","51.9%","23619","51.8%","34932","54.9%","-3.1pp"
"Stiltzkin, Moogle Merchant","W","R","59688","4.55","9554","6.33","30270","52.4%","53.8%","5359","53.7%","7115","52.1%","12474","52.8%","17637","54.3%","-1.5pp"
"Summon: Choco/Mog","W","C","486444","6.13","59370","8.81","175211","48.3%","54.6%","30014","52.5%","39312","54.1%","69326","53.4%","104864","55.3%","-1.9pp"
"Summon: Knights of Round","W","M","8703","1.56","5467","1.53","29531","86.6%","55.8%","4902","56.1%","7552","61.0%","12454","59.0%","16817","53.1%","5.9pp"
"Summon: Primal Garuda","W","U","124475","3.81","21764","5.00","105489","78.6%","55.6%","18033","55.3%","25013","57.6%","43046","56.6%","62039","54.8%","1.8pp"
"Ultima","W","R","33580","2.91","8976","3.18","34951","64.9%","53.4%","5900","52.6%","9023","56.8%","14923","55.1%","19799","52.1%","3.0pp"
"Venat, Heart of Hydaelyn","W","R","22579","1.97","10615","1.97","59075","89.3%","56.0%","10331","57.7%","14357","58.4%","24688","58.1%","34250","54.5%","3.6pp"
"Weapons Vendor","W","C","467370","5.71","71204","7.84","276065","62.7%","56.3%","46618","54.5%","64274","56.0%","110892","55.4%","164691","56.9%","-1.5pp"
"White Auracite","W","C","273525","3.23","80843","3.80","452579","89.1%","57.4%","76122","57.8%","108025","60.3%","184147","59.3%","262323","55.8%","3.5pp"
"White Mage's Staff","W","C","370826","4.25","80453","5.40","452192","89.9%","57.2%","81954","59.3%","101576","56.5%","183530","57.7%","247277","56.4%","1.3pp"
"The Wind Crystal","W","R","49536","4.09","7136","5.61","20649","48.4%","52.0%","3385","48.4%","4959","52.7%","8344","51.0%","12068","52.4%","-1.5pp"
"You're Not Alone","W","C","531056","7.04","71987","9.82","201770","45.5%","56.8%","33265","54.9%","46285","56.9%","79550","56.1%","122009","57.2%","-1.1pp"
"Zack Fair","W","U","124336","3.77","27999","4.63","149259","85.8%","56.9%","26673","58.8%","34446","56.8%","61119","57.7%","87280","56.3%","1.3pp"
"Astrologian's Planisphere","U","R","24428","2.13","12774","2.19","72197","91.7%","55.3%","13184","58.5%","19311","57.0%","32495","57.6%","37734","53.0%","4.6pp"
"Cargo Ship","U","U","195184","6.53","27886","9.18","63794","37.8%","53.7%","11455","55.0%","15817","54.2%","27272","54.5%","35181","52.7%","1.9pp"
"Combat Tutorial","U","C","395398","4.68","105311","5.75","548006","84.1%","56.3%","95208","57.0%","149920","60.0%","245128","58.8%","297678","54.2%","4.6pp"
"Dragoon's Wyvern","U","C","348489","4.01","111051","4.85","621654","89.9%","56.7%","109919","57.5%","171066","59.4%","280985","58.6%","334780","55.0%","3.6pp"
"Dreams of Laguna","U","C","441746","5.19","101639","6.74","509163","81.3%","56.1%","90947","56.0%","137497","59.1%","228444","57.8%","278941","54.7%","3.2pp"
"Edgar, King of Figaro","U","R","52871","4.29","10185","5.49","33438","54.6%","52.5%","5512","49.6%","8835","55.8%","14347","53.4%","18954","51.6%","1.8pp"
"Eject","U","U","123188","3.70","44245","4.29","249423","90.6%","56.6%","42262","55.9%","69944","61.2%","112206","59.2%","134414","54.2%","5.0pp"
"Ether","U","U","215559","7.72","29718","10.96","23566","13.1%","50.7%","3806","45.3%","6706","52.4%","10512","49.8%","12925","51.4%","-1.6pp"
"Gogo, Master of Mimicry","U","M","19966","3.27","4910","3.90","20365","69.9%","51.9%","3486","48.5%","5586","53.6%","9072","51.6%","11166","52.0%","-0.4pp"
"Ice Flan","U","C","529672","6.70","77255","9.67","206916","44.2%","53.2%","36627","50.5%","57989","55.3%","94616","53.5%","110893","53.0%","0.5pp"
"Ice Magic","U","C","380802","4.36","105195","5.47","579201","89.0%","56.3%","100222","54.5%","162516","60.4%","262738","58.2%","310527","54.6%","3.6pp"
"Il Mheg Pixie","U","U","107865","3.26","38904","3.78","220669","91.8%","56.1%","39541","58.6%","60327","57.5%","99868","57.9%","119221","54.5%","3.4pp"
"Jill, Shiva's Dominant","U","R","19243","1.68","14019","1.69","83362","94.0%","57.6%","14797","61.1%","23061","63.6%","37858","62.6%","44276","53.1%","9.5pp"
"Louisoix's Sacrifice","U","R","78500","6.18","10006","9.37","5614","9.2%","48.5%","923","43.7%","1552","51.2%","2475","48.4%","3126","48.4%","-0.1pp"
"The Lunar Whale","U","R","23206","2.00","15141","2.02","88540","94.1%","56.1%","15165","57.8%","24513","60.0%","39678","59.1%","47900","53.4%","5.7pp"
"Magic Damper","U","C","545354","7.43","78530","10.50","151378","31.6%","54.6%","25217","53.2%","41794","57.6%","67011","55.9%","83575","53.3%","2.6pp"
"Matoya, Archon Elder","U","R","58063","4.61","9837","6.29","22863","39.1%","51.1%","3986","50.1%","6539","52.7%","10525","51.7%","12159","50.4%","1.2pp"
"Memories Returning","U","R","30704","2.60","16239","2.65","91529","90.3%","56.7%","15496","57.4%","25452","61.5%","40948","59.9%","49850","53.8%","6.1pp"
"The Prima Vista","U","U","205006","6.98","26984","10.09","41116","25.2%","51.9%","6718","49.4%","11486","53.4%","18204","51.9%","22715","51.9%","-0.0pp"
"Qiqirn Merchant","U","C","544928","7.36","80790","10.40","168358","34.5%","52.4%","29137","49.9%","46613","54.6%","75750","52.8%","91846","52.0%","0.9pp"
"Quistis Trepe","U","U","125955","3.76","34562","4.64","179470","85.5%","54.6%","30221","51.0%","50272","58.7%","80493","55.8%","96867","53.4%","2.4pp"
"Relm's Sketching","U","U","137555","4.17","31361","5.33","149986","79.3%","54.1%","24946","51.4%","42209","57.9%","67155","55.5%","81358","52.9%","2.6pp"
"Retrieve the Esper","U","C","448549","5.26","86084","7.22","398679","76.3%","54.6%","67650","52.9%","109604","57.1%","177254","55.5%","219328","53.8%","1.8pp"
"Rook Turret","U","C","524745","6.96","66928","10.16","133413","33.2%","51.4%","22697","49.9%","35255","53.0%","57952","51.8%","74598","51.0%","0.8pp"
"Sage's Nouliths","U","C","529100","6.90","74728","9.92","178684","39.4%","53.0%","31934","51.8%","46153","53.5%","78087","52.8%","98187","52.9%","-0.1pp"
"Sahagin","U","C","417315","5.14","106567","6.28","536457","81.2%","56.4%","95635","58.1%","149665","58.0%","245300","58.0%","287259","55.0%","3.0pp"
"Scorpion Sentinel","U","C","485346","5.89","92454","8.02","413911","73.2%","55.1%","73894","54.7%","113380","56.7%","187274","55.9%","220625","54.2%","1.7pp"
"Sidequest: Card Collection","U","U","161304","5.11","42438","6.05","198334","75.5%","56.7%","33730","54.8%","55981","61.6%","89711","59.1%","106705","54.4%","4.7pp"
"Sleep Magic","U","U","123103","3.70","38217","4.38","211336","89.1%","56.5%","36668","56.0%","58877","60.5%","95545","58.8%","113579","54.5%","4.3pp"
"Stolen Uniform","U","U","223847","8.69","26750","12.41","1061","0.7%","41.8%","167","","264","","431","","628","43.2%",""
"Stuck in Summoner's Sanctum","U","C","404010","4.59","80504","6.29","399338","82.2%","54.2%","68398","51.3%","110680","57.5%","179078","55.1%","216310","53.3%","1.8pp"
"Summon: Leviathan","U","R","23199","2.02","13853","2.05","76956","89.6%","55.8%","12851","55.7%","22048","60.6%","34899","58.8%","41001","53.1%","5.7pp"
"Summon: Shiva","U","U","122304","3.67","31753","4.55","164191","85.1%","54.8%","27625","53.2%","45860","58.4%","73485","56.4%","89072","53.4%","3.1pp"
"Swallowed by Leviathan","U","U","152908","4.70","46657","5.46","235823","81.3%","56.7%","40348","56.3%","66526","60.9%","106874","59.2%","126807","54.5%","4.7pp"
"Syncopate","U","C","492588","6.05","93881","8.19","392772","68.3%","55.6%","67376","56.5%","110138","58.0%","177514","57.4%","212888","54.0%","3.5pp"
"Thief's Knife","U","U","148710","4.49","25553","6.14","107178","70.5%","52.4%","18747","52.1%","28462","52.8%","47209","52.6%","58860","52.1%","0.4pp"
"Travel the Overworld","U","U","169160","5.31","37097","6.74","136650","60.8%","54.0%","22843","52.9%","38432","58.7%","61275","56.5%","74262","51.8%","4.7pp"
"Ultros, Obnoxious Octopus","U","U","121884","3.75","40864","4.29","213444","84.4%","56.2%","38088","56.8%","59446","59.1%","97534","58.2%","114055","54.5%","3.7pp"
"Valkyrie Aerial Unit","U","U","172165","5.60","25846","7.79","83256","53.7%","52.5%","13661","49.9%","22131","54.2%","35792","52.5%","46787","52.3%","0.2pp"
"The Water Crystal","U","R","71128","5.68","9046","8.77","5795","10.7%","46.8%","981","43.4%","1655","48.5%","2636","46.6%","3105","46.8%","-0.2pp"
"Y'shtola Rhul","U","M","14128","2.47","5529","2.58","24848","74.1%","53.3%","4148","53.4%","7021","57.1%","11169","55.7%","13461","51.1%","4.6pp"
"Ahriman","B","C","450070","5.23","61540","7.65","270376","72.5%","54.1%","47309","52.5%","67854","55.9%","115163","54.5%","152727","53.8%","0.7pp"
"Al Bhed Salvagers","B","U","132389","3.89","27638","5.08","139469","82.9%","54.9%","24448","54.1%","34550","57.3%","58998","56.0%","79170","54.0%","1.9pp"
"Ardyn, the Usurper","B","R","20273","1.80","13523","1.76","80080","92.2%","58.2%","13569","60.0%","21669","67.3%","35238","64.5%","42973","52.5%","12.0pp"
"Black Mage's Rod","B","C","383501","4.41","76106","5.84","381126","82.0%","54.9%","68141","55.1%","95598","56.0%","163739","55.6%","209796","54.0%","1.6pp"
"Cecil, Dark Knight","B","R","26940","2.30","11026","2.43","59846","88.1%","55.5%","10725","59.9%","15146","57.0%","25871","58.2%","33282","53.4%","4.7pp"
"Circle of Power","B","U","140546","4.22","32884","5.28","158042","78.1%","55.5%","27153","55.1%","41100","59.0%","68253","57.4%","87329","53.8%","3.7pp"
"Cornered by Black Mages","B","C","337557","3.95","83332","4.87","439259","85.3%","56.0%","76163","57.2%","112034","58.9%","188197","58.2%","243843","54.1%","4.1pp"
"Dark Confidant","B","M","13599","2.38","5733","2.43","28200","79.1%","56.3%","5221","63.8%","7100","56.1%","12321","59.4%","15548","53.9%","5.4pp"
"Dark Knight's Greatsword","B","U","153015","4.57","26768","6.17","118800","72.9%","54.7%","20716","55.2%","29045","56.0%","49761","55.7%","67593","53.9%","1.8pp"
"The Darkness Crystal","B","R","44571","3.66","8102","4.83","30190","61.7%","52.8%","5096","52.5%","7763","54.5%","12859","53.7%","16877","51.9%","1.8pp"
"Demon Wall","B","U","144410","4.21","26678","5.69","130865","81.1%","54.1%","23415","52.9%","33093","56.0%","56508","54.7%","72331","53.6%","1.2pp"
"Evil Reawakened","B","U","123551","3.73","29674","4.61","151959","83.9%","54.9%","25489","53.9%","39451","58.9%","64940","57.0%","83784","53.0%","3.9pp"
"Fang, Fearless l'Cie","B","U","156497","4.81","25159","6.58","84503","56.4%","52.1%","14932","49.6%","21243","52.4%","36175","51.2%","47519","52.7%","-1.5pp"
"Fight On!","B","C","503143","6.20","75796","8.79","262219","57.1%","54.1%","43178","50.2%","67481","57.0%","110659","54.3%","147466","53.8%","0.5pp"
"The Final Days","B","U","140980","4.25","28038","5.51","123137","71.8%","55.6%","20705","54.4%","30630","58.0%","51335","56.5%","70930","54.9%","1.6pp"
"Gaius van Baelsar","B","U","140734","4.17","24781","5.67","115791","77.3%","54.1%","19602","52.7%","29314","56.1%","48916","54.7%","65513","53.7%","1.0pp"
"Hecteyes","B","C","442397","5.03","83352","6.88","412134","80.8%","55.2%","73414","55.5%","103623","56.3%","177037","56.0%","231510","54.7%","1.2pp"
"Jecht, Reluctant Guardian","B","R","18324","1.62","10878","1.64","61589","92.9%","54.4%","10482","55.4%","16344","56.9%","26826","56.3%","34067","52.8%","3.5pp"
"Kain, Traitorous Dragoon","B","R","64119","4.98","8139","7.57","14566","29.8%","51.2%","2520","49.8%","3708","52.6%","6228","51.5%","8229","51.0%","0.5pp"
"Malboro","B","C","473073","5.52","78594","7.76","355098","73.9%","55.2%","62764","53.1%","91291","58.0%","154055","56.0%","196808","54.4%","1.6pp"
"Namazu Trader","B","C","519276","6.54","72775","9.40","215680","48.9%","53.9%","36527","53.3%","54983","55.2%","91510","54.4%","122332","53.6%","0.9pp"
"Ninja's Blades","B","R","27966","2.37","10343","2.58","55340","87.9%","54.8%","9804","58.1%","13853","57.1%","23657","57.5%","30744","52.5%","5.0pp"
"Overkill","B","U","69769","2.21","32937","2.43","190819","93.6%","55.7%","32955","55.7%","49747","60.6%","82702","58.7%","104656","53.2%","5.5pp"
"Phantom Train","B","U","185838","6.03","29810","8.20","84715","46.8%","54.2%","14104","52.5%","21003","56.4%","35107","54.8%","48862","53.7%","1.2pp"
"Poison the Waters","B","U","193093","6.13","23061","9.18","43881","31.5%","52.6%","7700","51.4%","10996","53.7%","18696","52.8%","24779","52.3%","0.5pp"
"Qutrub Forayer","B","C","551096","7.69","59357","11.43","45777","12.7%","51.3%","7723","48.9%","11328","52.8%","19051","51.2%","26471","51.4%","-0.2pp"
"Reno and Rude","B","U","153371","4.57","24642","6.35","106931","72.4%","53.5%","18909","53.7%","25990","53.1%","44899","53.4%","61477","53.7%","-0.3pp"
"Resentful Revelation","B","C","458310","5.45","93257","7.14","429309","74.7%","56.0%","77231","56.3%","107584","58.9%","184815","57.8%","242059","54.7%","3.1pp"
"Sephiroth, Fabled SOLDIER","B","M","7444","1.33","5871","1.32","34234","92.3%","56.6%","5967","59.8%","8809","63.3%","14776","61.9%","18926","52.4%","9.5pp"
"Sephiroth's Intervention","B","C","225291","2.69","86265","3.09","498263","93.5%","55.8%","85192","55.0%","131194","60.8%","216386","58.6%","272554","53.5%","5.1pp"
"Shambling Cie'th","B","U","181123","5.60","23817","8.17","73998","52.0%","52.4%","12866","51.3%","18197","51.0%","31063","51.1%","42830","53.4%","-2.3pp"
"Shinra Reinforcements","B","C","511912","6.52","87335","8.83","303254","56.6%","55.9%","53487","55.9%","75397","57.7%","128884","56.9%","171261","55.1%","1.8pp"
"Sidequest: Hunt the Mark","B","U","81932","2.58","35616","2.82","203952","91.6%","56.5%","34651","57.2%","53714","61.5%","88365","59.9%","111580","53.8%","6.1pp"
"Summon: Anima","B","U","147852","4.50","22480","6.21","90368","67.2%","52.7%","14935","49.0%","23204","54.8%","38139","52.5%","51376","52.7%","-0.2pp"
"Summon: Primal Odin","B","R","17767","1.55","12518","1.54","74206","93.0%","57.3%","12476","59.4%","19467","64.2%","31943","62.3%","40637","53.0%","9.4pp"
"Tonberry","B","U","158146","4.81","23613","6.83","94844","66.5%","54.1%","17074","59.3%","22593","52.0%","39667","55.1%","54587","53.4%","1.7pp"
"Undercity Dire Rat","B","C","462404","5.35","74878","7.53","355532","78.3%","54.6%","64098","55.8%","87771","54.9%","151869","55.3%","201489","54.2%","1.1pp"
"Vayne's Treachery","B","C","291771","3.36","87577","4.11","493662","91.7%","55.6%","86310","55.0%","127497","59.0%","213807","57.4%","272204","54.2%","3.2pp"
"Vincent Valentine","B","R","19709","1.72","10719","1.75","59898","90.5%","55.3%","10252","56.6%","15652","58.6%","25904","57.8%","33217","53.2%","4.6pp"
"Vincent's Limit Break","B","C","535892","7.22","62543","10.67","87124","23.1%","52.2%","14466","49.6%","21764","53.5%","36230","52.0%","50344","52.3%","-0.3pp"
"Zenos yae Galvus","B","R","20949","1.81","12139","1.81","67684","90.0%","55.7%","11490","57.2%","17852","60.3%","29342","59.1%","37182","53.0%","6.1pp"
"Zodiark, Umbral God","B","R","50299","4.06","8628","5.34","25829","49.9%","52.4%","4368","50.9%","6684","55.8%","11052","53.9%","14342","51.1%","2.8pp"
"Barret Wallace","R","U","187648","6.18","20243","9.33","41471","34.0%","52.4%","7118","51.1%","9864","52.0%","16982","51.6%","24509","53.0%","-1.3pp"
"Blazing Bomb","R","C","506407","6.52","80098","8.80","287577","58.4%","56.2%","50981","57.8%","76617","56.8%","127598","57.2%","158922","55.4%","1.8pp"
"Call the Mountain Chocobo","R","C","430547","5.10","85070","6.67","390218","74.7%","55.9%","66582","55.3%","101747","58.6%","168329","57.3%","220216","54.7%","2.6pp"
"Choco-Comet","R","U","88864","2.82","37595","3.01","210266","88.9%","57.2%","35880","57.6%","55031","63.1%","90911","61.0%","117440","54.1%","6.9pp"
"Clive, Ifrit's Dominant","R","M","10127","1.82","4924","1.82","25264","85.6%","53.4%","4306","53.4%","6555","56.4%","10861","55.2%","14282","52.0%","3.2pp"
"Coral Sword","R","U","189242","6.17","22281","9.08","55308","41.0%","54.4%","9139","54.3%","12725","54.5%","21864","54.4%","32227","54.0%","0.4pp"
"The Fire Crystal","R","R","62238","5.08","6710","8.16","4834","12.0%","46.4%","817","39.9%","1167","41.3%","1984","40.7%","2826","50.1%","-9.4pp"
"Fire Magic","R","U","133346","4.11","29560","5.03","131995","73.1%","55.2%","23158","54.5%","35770","59.4%","58928","57.5%","72079","53.1%","4.4pp"
"Firion, Wild Rose Warrior","R","R","33898","3.00","8958","3.27","40630","74.0%","55.3%","7119","58.3%","9430","55.0%","16549","56.4%","24060","54.6%","1.9pp"
"Freya Crescent","R","U","180556","5.90","23141","8.37","67775","48.2%","55.0%","12061","57.9%","15489","52.4%","27550","54.8%","40073","55.1%","-0.3pp"
"Gilgamesh, Master-at-Arms","R","R","36664","3.22","10070","3.43","39601","64.2%","55.2%","6638","56.4%","9413","58.2%","16051","57.4%","23503","53.6%","3.8pp"
"Haste Magic","R","C","553063","8.09","57011","11.93","33038","9.6%","50.8%","5472","48.7%","7936","51.2%","13408","50.2%","19581","51.3%","-1.1pp"
"Hill Gigas","R","C","536366","7.13","59648","10.54","117000","32.6%","51.8%","20786","48.8%","29239","52.5%","50025","51.0%","66652","52.3%","-1.3pp"
"Item Shopkeep","R","C","544251","7.74","63350","11.13","103380","26.8%","54.0%","18542","52.8%","23710","53.0%","42252","52.9%","61055","54.7%","-1.8pp"
"Laughing Mad","R","C","542754","7.45","67659","10.69","133297","32.5%","53.5%","22977","51.5%","34186","54.8%","57163","53.5%","75883","53.5%","-0.0pp"
"Light of Judgment","R","C","482698","5.84","66227","8.44","250589","62.7%","53.4%","41428","50.2%","66721","55.7%","108149","53.6%","140914","53.1%","0.5pp"
"Mysidian Elder","R","C","492705","6.33","61492","9.17","184214","49.8%","52.5%","32226","50.7%","46898","53.2%","79124","52.2%","103975","52.8%","-0.6pp"
"Nibelheim Aflame","R","M","10610","1.89","6634","1.81","37307","87.5%","58.5%","6272","62.4%","10007","65.8%","16279","64.5%","20716","53.5%","11.0pp"
"Opera Love Song","R","U","200916","6.62","23469","9.82","40803","28.6%","53.4%","7030","50.4%","9811","54.2%","16841","52.6%","23848","53.9%","-1.2pp"
"Prompto Argentum","R","U","159756","4.75","29049","6.33","137642","77.4%","55.5%","24773","57.0%","35142","55.9%","59915","56.3%","77306","54.8%","1.5pp"
"Queen Brahne","R","U","145818","4.52","21899","6.18","90785","69.4%","52.5%","16010","52.7%","23040","51.8%","39050","52.2%","51368","52.8%","-0.6pp"
"Random Encounter","R","U","219164","8.15","24931","11.91","4849","3.2%","49.2%","789","45.6%","1162","51.2%","1951","48.9%","2890","49.3%","-0.4pp"
"Raubahn, Bull of Ala Mhigo","R","R","42773","3.53","8090","4.35","33485","68.7%","53.7%","6001","54.3%","7815","52.0%","13816","53.0%","19635","54.2%","-1.2pp"
"Red Mage's Rapier","R","C","518289","6.96","58710","10.17","131866","37.3%","52.1%","23596","50.4%","31793","50.9%","55389","50.7%","75136","53.1%","-2.4pp"
"Sabotender","R","C","517200","7.02","53355","10.54","97168","30.3%","52.1%","17435","52.2%","23112","51.6%","40547","51.8%","56411","52.2%","-0.4pp"
"Samurai's Katana","R","U","102754","3.18","34576","3.57","188389","86.8%","57.4%","33630","60.1%","46267","59.8%","79897","59.9%","106273","55.3%","4.6pp"
"Sandworm","R","U","196046","6.33","24007","9.25","50953","35.2%","52.1%","8536","50.5%","12724","53.0%","21260","52.0%","29599","52.1%","-0.1pp"
"Seifer Almasy","R","R","21411","1.89","11764","1.87","66288","90.4%","56.0%","11345","58.4%","17353","60.0%","28698","59.4%","37262","53.2%","6.1pp"
"Self-Destruct","R","U","204036","6.97","22542","10.43","24747","18.2%","51.1%","4138","47.7%","5973","52.4%","10111","50.5%","14580","51.4%","-0.9pp"
"Sidequest: Play Blitzball","R","U","196635","6.82","19571","10.49","20978","17.9%","50.9%","3364","48.2%","4900","48.3%","8264","48.3%","12687","52.5%","-4.3pp"
"Sorceress's Schemes","R","U","186112","6.12","38327","7.60","143394","60.6%","56.4%","23984","53.0%","39280","60.3%","63264","57.5%","79198","55.3%","2.2pp"
"Summon: Brynhildr","R","R","40738","3.38","8687","4.09","37162","72.0%","52.3%","6699","50.3%","9172","53.7%","15871","52.3%","21118","52.4%","-0.1pp"
"Summon: Esper Ramuh","R","U","169989","5.29","24599","7.32","81722","55.5%","52.8%","13803","49.4%","21986","54.9%","35789","52.8%","45252","52.8%","0.0pp"
"Summon: G.F. Cerberus","R","R","33716","2.87","9692","3.16","45293","78.7%","52.6%","7845","51.2%","11859","53.1%","19704","52.4%","25381","52.8%","-0.4pp"
"Summon: G.F. Ifrit","R","C","507617","6.54","59739","9.53","147455","41.3%","51.8%","26081","49.6%","36892","51.9%","62973","50.9%","84028","52.5%","-1.5pp"
"Suplex","R","C","310079","3.57","74343","4.49","403980","89.1%","55.3%","71206","54.8%","103183","58.0%","174389","56.7%","226826","54.1%","2.5pp"
"Thunder Magic","R","C","266017","3.14","88361","3.68","494338","90.2%","56.3%","86475","56.6%","127653","59.6%","214128","58.4%","276382","54.6%","3.8pp"
"Triple Triad","R","R","70649","5.66","10251","8.19","16823","27.2%","52.0%","2740","48.5%","4417","53.2%","7157","51.4%","9534","52.5%","-1.1pp"
"Unexpected Request","R","U","205467","7.05","22953","10.52","25093","18.1%","52.6%","4181","49.6%","5983","55.2%","10164","52.9%","14786","52.3%","0.6pp"
"Vaan, Street Thief","R","R","52436","4.26","7316","6.01","18938","44.1%","49.1%","3340","44.6%","4653","47.9%","7993","46.5%","10908","51.0%","-4.5pp"
"Warrior's Sword","R","C","479229","5.84","72752","8.20","303455","68.3%","54.8%","51261","53.4%","76643","55.6%","127904","54.7%","173057","54.8%","-0.1pp"
"Zell Dincht","R","R","45606","3.78","8191","4.84","31666","64.2%","53.9%","5508","57.0%","7598","54.5%","13106","55.6%","18471","52.8%","2.8pp"
"Airship Crash","G","C","542521","7.44","60092","10.98","102924","28.3%","53.0%","17768","50.1%","25126","55.4%","42894","53.2%","59467","52.8%","0.4pp"
"Ancient Adamantoise","G","M","15859","2.68","5372","2.85","26293","80.0%","55.5%","4368","53.1%","6740","61.1%","11108","58.0%","14927","53.4%","4.5pp"
"Balamb T-Rexaur","G","C","419853","4.86","71803","6.60","363799","83.1%","55.1%","64020","53.2%","90778","57.8%","154798","55.9%","206109","54.3%","1.6pp"
"Bard's Bow","G","C","500644","6.20","69353","8.81","265614","62.8%","54.8%","46575","54.1%","64142","55.9%","110717","55.1%","152324","54.4%","0.7pp"
"Bartz and Boko","G","R","35719","3.06","8843","3.48","35926","66.1%","55.1%","6047","55.1%","8410","57.1%","14457","56.2%","20669","53.7%","2.6pp"
"Blitzball Shot","G","C","546013","7.70","62023","11.20","91800","24.4%","53.3%","15260","51.0%","21317","55.1%","36577","53.4%","54994","53.1%","0.2pp"
"Cactuar","G","U","206668","7.34","21476","11.06","18592","14.3%","51.7%","3363","52.3%","4184","50.3%","7547","51.2%","10977","52.0%","-0.9pp"
"Chocobo Kick","G","C","359041","4.12","75526","5.34","406511","87.7%","55.7%","68176","54.2%","100548","59.6%","168724","57.4%","234454","54.3%","3.2pp"
"Chocobo Racetrack","G","U","147124","4.81","18554","6.76","65842","60.0%","51.9%","11018","49.6%","15851","52.9%","26869","51.5%","38444","52.2%","-0.6pp"
"Clash of the Eikons","G","U","168238","5.18","24200","7.26","92221","63.3%","53.8%","15229","51.4%","22853","55.4%","38082","53.8%","53696","53.8%","-0.0pp"
"Coliseum Behemoth","G","U","129841","3.97","30451","4.87","158148","84.4%","55.9%","26321","54.5%","40415","60.6%","66736","58.2%","90004","54.0%","4.2pp"
"Commune with Beavers","G","C","544983","7.69","61252","11.24","81278","21.9%","53.3%","14651","52.9%","19505","54.5%","34156","53.8%","46781","52.8%","1.0pp"
"Diamond Weapon","G","U","132588","4.14","21683","5.52","98415","75.3%","54.2%","16082","50.5%","25271","57.1%","41353","54.6%","55925","53.7%","0.9pp"
"The Earth Crystal","G","R","48088","3.98","7059","5.35","21632","52.8%","49.9%","3595","45.2%","5223","49.3%","8818","47.6%","12616","51.2%","-3.6pp"
"Esper Origins","G","R","23850","2.03","13098","2.04","75701","89.3%","59.0%","13680","62.7%","18551","64.2%","32231","63.6%","43150","55.6%","8.0pp"
"Galuf's Final Act","G","U","207727","7.36","20630","11.19","13141","10.6%","49.1%","2269","43.9%","2913","47.1%","5182","45.7%","7940","51.2%","-5.5pp"
"Gigantoad","G","C","517525","6.68","60455","9.82","173639","47.7%","52.9%","29175","51.6%","43231","54.2%","72406","53.2%","100274","52.6%","0.5pp"
"Goobbue Gardener","G","C","416160","4.89","68584","6.67","346276","83.3%","54.7%","62467","56.5%","82617","54.1%","145084","55.1%","199605","54.5%","0.6pp"
"Gran Pulse Ochu","G","C","492373","6.10","65245","8.77","264575","66.7%","54.7%","47318","55.1%","64675","55.5%","111993","55.3%","150582","54.3%","1.1pp"
"Gysahl Greens","G","C","469448","5.77","61226","8.31","243167","65.6%","54.2%","43553","54.4%","56879","54.3%","100432","54.3%","142166","54.1%","0.2pp"
"Jumbo Cactuar","G","R","49119","4.08","6471","5.80","17807","46.4%","50.5%","2907","46.4%","4247","51.4%","7154","49.4%","10605","51.1%","-1.8pp"
"Loporrit Scout","G","C","559632","8.44","58514","12.27","35124","10.0%","50.7%","6245","49.7%","7946","48.8%","14191","49.2%","20843","51.7%","-2.5pp"
"Prishe's Wanderings","G","C","453813","5.48","62409","7.88","261272","69.4%","53.5%","45555","53.6%","63805","54.7%","109360","54.2%","150680","52.9%","1.3pp"
"Quina, Qu Gourmet","G","U","161716","5.15","21910","7.26","76110","57.8%","53.0%","13286","52.1%","17855","52.2%","31141","52.2%","44690","53.6%","-1.5pp"
"Reach the Horizon","G","U","160526","5.10","22349","7.16","83797","62.9%","52.6%","14478","52.7%","21185","53.7%","35663","53.3%","47704","52.0%","1.3pp"
"A Realm Reborn","G","R","81976","6.59","10119","10.04","357","0.6%","","78","","79","","157","","200","",""
"Ride the Shoopuf","G","U","127104","4.03","19097","5.43","86218","75.6%","53.6%","15244","56.6%","20491","54.6%","35735","55.5%","50171","52.2%","3.3pp"
"Rydia's Return","G","U","193814","6.25","24565","9.05","65505","44.3%","53.0%","10633","48.8%","16095","55.7%","26728","53.0%","38331","52.8%","0.1pp"
"Sazh Katzroy","G","R","19172","1.72","12379","1.70","72768","91.6%","58.0%","12624","65.9%","18449","63.0%","31073","64.2%","40936","53.3%","10.9pp"
"Sazh's Chocobo","G","U","87346","2.74","29033","3.09","162744","89.6%","56.7%","29524","66.2%","38408","54.9%","67932","59.8%","92069","54.2%","5.6pp"
"Sidequest: Raise a Chocobo","G","U","146587","4.61","21681","6.33","89857","68.8%","53.9%","16069","54.1%","20783","54.0%","36852","54.0%","52655","53.8%","0.3pp"
"Summon: Fat Chocobo","G","C","360335","4.17","77181","5.37","410875","86.4%","55.7%","68894","55.9%","100832","58.7%","169726","57.6%","230771","53.8%","3.8pp"
"Summon: Fenrir","G","U","75954","2.41","33324","2.63","192380","91.7%","57.0%","34771","63.8%","47536","59.1%","82307","61.1%","107863","53.9%","7.2pp"
"Summon: Titan","G","R","22066","1.91","11729","1.91","66361","90.1%","56.2%","11315","58.7%","16860","61.0%","28175","60.1%","37471","53.0%","7.0pp"
"Summoner's Grimoire","G","R","48186","4.08","6142","5.91","14812","40.6%","50.8%","2590","50.3%","3572","51.4%","6162","50.9%","8506","50.6%","0.4pp"
"Tifa Lockhart","G","R","45204","3.75","5888","5.26","18078","51.8%","51.0%","3322","51.7%","4053","49.0%","7375","50.2%","10635","51.6%","-1.4pp"
"Tifa's Limit Break","G","U","187952","6.08","20867","9.13","49405","39.5%","52.9%","8109","50.5%","11647","55.1%","19756","53.2%","29487","52.7%","0.5pp"
"Torgal, A Fine Hound","G","U","90494","2.83","32015","3.20","179304","90.4%","56.0%","32826","61.5%","43620","56.3%","76446","58.5%","101607","54.2%","4.3pp"
"Town Greeter","G","C","424469","5.08","92012","6.38","464322","81.3%","56.6%","84780","59.4%","113690","58.3%","198470","58.7%","262679","55.1%","3.7pp"
"Traveling Chocobo","G","M","9984","1.74","5303","1.70","28293","86.4%","55.9%","5136","57.6%","6767","59.9%","11903","58.9%","15656","53.1%","5.8pp"
"Vanille, Cheerful l'Cie","G","U","111736","3.47","35219","4.00","189849","87.2%","56.1%","32553","55.9%","47850","60.1%","80403","58.4%","106680","54.3%","4.1pp"
"Absolute Virtue","WU","M","16379","2.89","4755","3.16","20333","69.9%","54.2%","3368","53.3%","5495","61.6%","8863","58.5%","11337","50.6%","7.9pp"
"Balthier and Fran","RG","R","66995","5.42","8867","8.09","12363","23.1%","52.0%","2167","54.9%","2932","51.1%","5099","52.7%","7245","51.4%","1.3pp"
"Black Waltz No. 3","BR","U","159700","5.22","21337","7.41","65673","52.0%","51.4%","11140","48.5%","16907","53.3%","28047","51.4%","37106","51.2%","0.1pp"
"Choco, Seeker of Paradise","WUG","R","46306","3.92","9439","4.79","31015","54.8%","52.7%","5170","55.1%","7635","54.7%","12805","54.8%","17516","50.5%","4.3pp"
"Cid, Timeless Artificer","WU","U","173276","5.74","28613","7.66","91825","52.7%","54.6%","15854","54.1%","23054","56.4%","38908","55.4%","52748","54.0%","1.5pp"
"Cloud of Darkness","BG","U","123734","3.94","36888","4.46","188572","82.0%","56.9%","31349","56.5%","48136","62.3%","79485","60.0%","105242","54.3%","5.7pp"
"Emet-Selch, Unsundered","UB","M","12867","2.26","5917","2.29","29249","81.7%","54.1%","5017","58.3%","8294","58.4%","13311","58.4%","15432","50.3%","8.1pp"
"The Emperor of Palamecia","UR","U","129889","4.35","36734","4.84","171240","75.5%","56.5%","30221","60.5%","48411","58.1%","78632","59.0%","91638","54.3%","4.7pp"
"Exdeath, Void Warlock","BG","U","156646","4.89","29789","6.35","133324","73.0%","56.0%","23307","55.7%","33122","59.3%","56429","57.8%","74854","54.5%","3.3pp"
"Garland, Knight of Cornelia","BR","U","158079","5.10","28073","6.63","98238","57.8%","54.6%","17186","57.4%","24550","55.7%","41736","56.4%","56071","53.2%","3.2pp"
"Garnet, Princess of Alexandria","WG","U","175774","5.89","23999","8.12","68887","47.1%","55.1%","12211","57.0%","15642","54.6%","27853","55.6%","40836","54.6%","1.0pp"
"Giott, King of the Dwarves","WR","U","180570","6.12","26401","8.19","81292","50.4%","56.4%","14204","57.7%","18229","55.2%","32433","56.3%","48907","56.4%","-0.1pp"
"Gladiolus Amicitia","RG","U","144314","4.60","27868","5.91","116454","68.8%","54.4%","19183","53.6%","29952","59.8%","49135","57.4%","66628","52.0%","5.4pp"
"Golbez, Crystal Collector","UB","R","56635","4.65","8992","6.40","20953","39.8%","48.8%","3617","47.8%","5677","51.3%","9294","49.9%","11494","47.9%","2.1pp"
"Hope Estheim","WU","R","63006","5.21","8463","7.63","16251","32.2%","50.7%","2918","51.1%","4166","51.6%","7084","51.4%","9136","50.2%","1.3pp"
"Ignis Scientia","UG","U","148135","4.73","36010","5.69","156604","71.0%","55.4%","27684","59.0%","42125","58.5%","69809","58.7%","85388","52.6%","6.1pp"
"Jenova, Ancient Calamity","BG","R","23291","2.07","12888","2.04","71426","89.2%","55.8%","12463","60.5%","18404","60.4%","30867","60.4%","39385","52.1%","8.3pp"
"Joshua, Phoenix's Dominant","WR","R","27069","2.45","11021","2.47","54806","80.8%","55.2%","9566","57.2%","13646","58.5%","23212","57.9%","31558","53.2%","4.8pp"
"Judge Magister Gabranth","WB","U","167903","5.45","25453","7.41","90834","58.7%","55.3%","15747","56.7%","21347","55.4%","37094","55.9%","53209","54.9%","1.0pp"
"Kefka, Court Mage","UBR","M","11735","2.10","6648","2.03","35663","86.4%","55.7%","6000","61.3%","10289","63.3%","16289","62.6%","18806","49.7%","12.8pp"
"Kuja, Genome Sorcerer","BR","R","22272","2.06","12775","1.97","70488","87.9%","56.4%","12046","62.5%","18982","61.7%","31028","62.0%","38509","51.8%","10.3pp"
"Lightning, Army of One","WR","M","11766","2.13","4639","2.10","21466","75.7%","54.7%","3804","55.1%","5179","57.4%","8983","56.5%","12489","53.4%","3.1pp"
"Locke Cole","UB","U","150897","4.66","31589","6.00","136957","71.1%","54.5%","23791","56.7%","38964","57.6%","62755","57.2%","72437","52.1%","5.1pp"
"Noctis, Prince of Lucis","WUB","R","62141","4.96","8395","7.29","11115","22.3%","48.0%","1872","45.5%","3066","50.2%","4938","48.4%","6128","47.5%","1.0pp"
"Omega, Heartless Evolution","UG","U","167592","5.25","35398","6.73","140016","65.0%","55.1%","23230","52.7%","39142","60.9%","62372","57.8%","76060","52.5%","5.3pp"
"Rinoa Heartilly","WG","U","161985","5.18","26751","6.88","96561","59.0%","55.1%","16219","56.2%","22916","57.7%","39135","57.1%","57083","53.6%","3.5pp"
"Rufus Shinra","WB","U","171848","5.52","25892","7.60","85570","54.2%","55.3%","14784","58.4%","20404","55.3%","35188","56.6%","49815","54.4%","2.2pp"
"Rydia, Summoner of Mist","RG","U","181349","6.15","24136","8.63","55730","38.6%","53.1%","9806","54.1%","13501","53.3%","23307","53.6%","32285","52.6%","1.0pp"
"Serah Farron","WG","R","56397","4.68","7857","6.70","16845","35.8%","51.0%","2901","49.8%","3959","51.6%","6860","50.8%","9900","51.1%","-0.2pp"
"Shantotto, Tactician Magician","UR","U","123610","4.16","38658","4.51","187346","78.1%","56.3%","32806","59.1%","53389","58.8%","86195","58.9%","99929","54.0%","4.9pp"
"Sin, Spira's Punishment","UBG","R","27440","2.47","13372","2.44","70950","86.6%","54.7%","11839","55.7%","20001","61.4%","31840","59.3%","37860","50.7%","8.6pp"
"Squall, SeeD Mercenary","WB","R","26705","2.42","10577","2.45","51594","79.4%","54.6%","8811","57.4%","12780","58.0%","21591","57.7%","29600","52.2%","5.5pp"
"Tellah, Great Sage","UR","R","34289","3.01","11622","3.22","55423","79.8%","53.2%","9258","51.7%","15824","56.0%","25082","54.4%","30073","52.0%","2.4pp"
"Terra, Magical Adept","RG","M","17324","3.10","4509","3.42","13825","51.5%","52.6%","2366","53.9%","3474","55.0%","5840","54.6%","7915","51.1%","3.4pp"
"Tidus, Blitzball Star","WU","U","169881","5.80","22696","8.08","64113","47.3%","52.3%","11124","50.9%","16034","51.6%","27158","51.3%","36862","52.9%","-1.6pp"
"Ultimecia, Time Sorceress","UB","U","158184","4.87","28775","6.62","113412","65.6%","53.2%","18667","51.1%","32645","57.1%","51312","54.9%","60512","51.5%","3.4pp"
"Vivi Ornitier","UR","M","10051","1.87","5481","1.79","28011","82.4%","55.3%","5032","59.3%","8023","58.9%","13055","59.1%","14785","51.8%","7.2pp"
"The Wandering Minstrel","UG","R","54850","4.51","11992","5.53","38521","53.9%","52.1%","6819","51.3%","10734","58.2%","17553","55.5%","20580","48.9%","6.7pp"
"Yuna, Hope of Spira","WG","M","11472","2.15","5197","2.02","22412","69.9%","55.8%","3806","58.6%","5487","61.8%","9293","60.5%","12945","52.2%","8.3pp"
"Zidane, Tantalus Thief","WR","U","171205","5.48","27639","7.35","93173","55.0%","56.3%","15576","55.5%","21902","60.2%","37478","58.2%","55538","55.0%","3.2pp"
"Adventurer's Airship","","C","563337","8.05","70584","11.44","78120","18.1%","54.4%","13586","53.9%","18629","53.7%","32215","53.8%","45468","54.8%","-1.0pp"
"Aettir and Priwen","","M","26959","4.40","3011","6.72","3389","18.9%","46.9%","584","38.9%","837","43.6%","1421","41.7%","1915","50.7%","-9.0pp"
"Blitzball","","C","526371","6.51","67243","9.50","172947","43.0%","51.3%","31619","49.7%","43772","51.7%","75391","50.9%","96273","51.6%","-0.7pp"
"Buster Sword","","M","6695","1.16","5980","1.15","37590","99.0%","57.1%","6538","61.5%","9391","60.4%","15929","60.9%","20911","53.8%","7.0pp"
"Elixir","","U","222605","8.23","24495","12.00","6690","4.5%","47.6%","1127","41.5%","1824","48.9%","2951","46.1%","3600","48.8%","-2.7pp"
"Excalibur II","","R","62770","5.08","6694","8.09","6147","15.3%","48.6%","1087","45.2%","1393","45.2%","2480","45.2%","3419","50.8%","-5.6pp"
"Genji Glove","","R","49526","4.11","5560","6.14","13759","41.5%","51.4%","2247","47.4%","3316","51.4%","5563","49.8%","8012","52.2%","-2.5pp"
"Instant Ramen","","C","559519","7.74","63897","11.27","70071","18.1%","52.6%","12775","51.0%","17401","54.7%","30176","53.1%","38554","52.0%","1.1pp"
"Iron Giant","","C","566472","8.45","53565","12.44","20722","6.4%","47.9%","3421","41.8%","5399","48.6%","8820","46.0%","11790","49.2%","-3.3pp"
"Lion Heart","","U","160814","4.56","26040","6.48","117056","73.6%","54.4%","19964","51.3%","28984","55.9%","48948","54.0%","66486","54.5%","-0.4pp"
"Lunatic Pandora","","C","563843","8.16","60168","11.85","47207","13.0%","50.3%","8606","46.0%","11982","52.0%","20588","49.5%","25574","50.7%","-1.2pp"
"Magic Pot","","C","569929","8.70","60989","12.48","22926","6.2%","48.9%","4013","47.1%","5887","49.6%","9900","48.6%","12866","49.0%","-0.4pp"
"The Masamune","","R","53390","4.33","6105","6.39","10780","29.8%","48.0%","1733","42.8%","2625","44.9%","4358","44.1%","6265","50.7%","-6.6pp"
"Monk's Fist","","C","543061","7.00","80437","9.92","243390","49.3%","55.4%","44735","54.1%","56925","54.6%","101660","54.4%","137065","56.0%","-1.6pp"
"PuPu UFO","","U","192070","5.83","27322","8.29","88658","53.7%","54.0%","16182","55.0%","23309","56.6%","39491","55.9%","48141","52.2%","3.7pp"
"The Regalia","","R","18085","1.57","12505","1.58","76242","98.2%","55.5%","12996","57.8%","19447","57.5%","32443","57.6%","42943","53.7%","3.9pp"
"Relentless X-ATM092","","U","202472","6.34","22673","9.65","47822","35.0%","52.1%","7958","48.1%","12391","54.1%","20349","51.7%","27279","52.1%","-0.4pp"
"Ring of the Lucii","","U","203310","6.43","25763","9.44","51697","33.3%","52.8%","8805","51.1%","13667","55.3%","22472","53.7%","28781","52.0%","1.7pp"
"World Map","","C","545814","7.06","69432","10.26","153603","36.7%","52.0%","29001","50.9%","38566","52.3%","67567","51.7%","84461","52.1%","-0.5pp"
"Adventurer's Inn","","C","564811","8.37","59969","12.11","69358","19.1%","53.7%","11388","52.8%","17669","56.3%","29057","54.9%","39917","52.9%","2.0pp"
"Balamb Garden, SeeD Academy","","R","43191","3.38","14264","3.82","69477","78.9%","55.9%","12881","58.8%","16554","57.6%","29435","58.1%","39113","54.2%","3.9pp"
"Baron, Airship Kingdom","","C","357601","6.07","68211","8.39","294792","71.0%","54.8%","53897","56.2%","78684","55.1%","132581","55.5%","161095","54.3%","1.3pp"
"Capital City","","U","189451","5.33","32812","7.63","169286","84.6%","54.9%","30536","53.9%","43106","57.2%","73642","55.8%","94760","54.2%","1.7pp"
"Clive's Hideaway","","R","81587","6.43","10117","9.74","3421","5.5%","47.6%","567","43.0%","846","49.3%","1413","46.8%","1990","48.2%","-1.5pp"
"Crossroads Village","","C","466382","5.02","90211","7.11","505449","92.0%","55.0%","94501","56.2%","125516","54.6%","220017","55.3%","283525","54.9%","0.4pp"
"Eden, Seat of the Sanctum","","U","218183","7.22","30807","10.32","83204","44.4%","54.8%","13968","53.9%","20595","56.3%","34563","55.3%","47999","54.4%","1.0pp"
"Gohn, Town of Ruin","","C","352277","5.94","62344","8.23","281375","74.1%","54.8%","51347","56.1%","66693","54.4%","118040","55.1%","161465","54.6%","0.5pp"
"The Gold Saucer","","U","218877","7.48","24335","11.12","39431","26.9%","52.4%","6664","52.4%","9992","53.7%","16656","53.2%","22578","51.8%","1.4pp"
"Gongaga, Reactor Town","","C","370211","6.58","56653","9.28","188153","55.0%","53.4%","34202","54.5%","43637","53.2%","77839","53.8%","109478","53.2%","0.6pp"
"Guadosalam, Farplane Gateway","","C","356974","6.15","66093","8.43","267773","66.7%","54.4%","49232","55.9%","65517","54.9%","114749","55.4%","151340","53.6%","1.7pp"
"Insomnia, Crown City","","C","369987","6.42","55488","9.22","182250","54.1%","53.7%","33269","54.7%","43380","52.4%","76649","53.4%","104720","53.9%","-0.4pp"
"Ishgard, the Holy See","","R","59581","4.47","8835","6.31","35173","66.0%","53.9%","6289","52.9%","8312","52.1%","14601","52.4%","20462","54.9%","-2.5pp"
"Jidoor, Aristocratic Capital","","R","71523","5.44","9106","8.26","20533","37.9%","50.0%","3617","49.0%","5647","49.5%","9264","49.3%","11159","50.4%","-1.1pp"
"Lindblum, Industrial Regency","","R","56151","4.21","9191","5.82","40458","73.7%","53.3%","7041","52.2%","10362","53.5%","17403","53.0%","22838","53.6%","-0.6pp"
"Midgar, City of Mako","","R","50717","3.71","9870","4.91","49963","83.7%","54.3%","8750","52.1%","12580","55.4%","21330","54.1%","28216","54.4%","-0.4pp"
"Rabanastre, Royal City","","C","375620","6.73","55322","9.62","172318","51.3%","54.1%","31554","55.2%","40381","52.5%","71935","53.7%","99974","54.4%","-0.7pp"
"Sharlayan, Nation of Scholars","","C","370041","6.41","59031","9.14","207272","57.8%","53.8%","38324","54.7%","52022","54.0%","90346","54.3%","116094","53.5%","0.8pp"
"Starting Town","","R","41372","3.04","10827","3.80","61298","94.4%","54.1%","11327","56.5%","15200","54.3%","26527","55.2%","34496","53.2%","2.0pp"
"Treno, Dark City","","C","346350","5.63","67663","7.84","298604","72.7%","54.2%","54645","55.5%","78462","55.1%","133107","55.2%","163750","53.3%","1.9pp"
"Vector, Imperial Capital","","C","360839","6.12","61839","8.60","229315","61.2%","53.6%","41476","54.8%","58145","53.9%","99621","54.3%","128498","53.1%","1.2pp"
"Windurst, Federation Center","","C","371505","6.63","53535","9.44","181484","56.0%","54.0%","33119","54.6%","41960","53.3%","75079","53.9%","105572","54.0%","-0.1pp"
"Zanarkand, Ancient Metropolis","","R","41386","3.19","11511","3.76","59359","84.4%","55.4%","10488","54.0%","14668","57.8%","25156","56.2%","33618","54.7%","1.5pp"
"Adeline, Resplendent Cathar","W","R","2954","1.99","1461","2.01","8380","89.4%","58.0%","1502","65.2%","2032","60.5%","3534","62.5%","4839","54.8%","7.7pp"
"Ranger-Captain of Eos","W","M","5997","3.40","1514","3.89","5989","63.7%","57.5%","1110","60.9%","1394","58.9%","2504","59.8%","3474","55.8%","3.9pp"
"Sram, Senior Edificer","W","R","3690","2.47","1460","2.53","8075","88.2%","57.5%","1459","62.6%","1845","57.4%","3304","59.7%","4758","55.9%","3.8pp"
"Counterspell","U","U","52017","4.00","13425","4.94","70092","85.0%","56.1%","11904","55.4%","20162","60.0%","32066","58.3%","37448","54.1%","4.2pp"
"Urza, Lord High Artificer","U","M","3103","2.05","1939","1.99","11325","91.1%","57.1%","1943","64.3%","3173","64.2%","5116","64.2%","6075","51.0%","13.2pp"
"Venser, Shaper Savant","U","R","4614","2.88","1675","3.20","9038","87.2%","55.9%","1473","54.8%","2627","59.3%","4100","57.7%","4824","54.1%","3.6pp"
"Bolas's Citadel","B","R","7031","4.38","1193","5.77","3526","48.1%","55.0%","602","53.2%","939","59.1%","1541","56.8%","1918","53.6%","3.1pp"
"Dark Ritual","B","R","6524","4.12","820","5.99","2230","46.1%","51.6%","399","","563","50.6%","962","51.9%","1251","51.1%","0.8pp"
"Fatal Push","B","U","33385","2.64","12513","3.00","70103","90.8%","56.0%","12311","57.8%","18247","59.4%","30558","58.8%","38512","53.8%","5.0pp"
"Syr Konrad, the Grim","B","U","36342","2.92","10189","3.44","53913","88.0%","53.6%","8933","51.3%","14103","56.7%","23036","54.6%","30220","52.6%","2.0pp"
"Yawgmoth, Thran Physician","B","M","3101","2.04","1789","2.00","10251","91.2%","57.1%","1824","62.9%","2689","62.3%","4513","62.5%","5598","52.7%","9.9pp"
"Ancient Copper Dragon","R","M","3837","2.46","990","2.74","4603","77.1%","52.7%","778","49.1%","1194","53.8%","1972","51.9%","2619","53.0%","-1.1pp"
"Godo, Bandit Warlord","R","R","5771","3.64","1260","4.25","4471","58.7%","54.4%","736","53.3%","1111","56.7%","1847","55.3%","2626","53.8%","1.5pp"
"Purphoros, God of the Forge","R","M","4576","2.95","886","3.27","2931","56.1%","51.7%","509","44.0%","700","53.4%","1209","49.5%","1707","53.1%","-3.7pp"
"Azusa, Lost but Seeking","G","R","7715","4.92","787","7.92","1050","22.3%","47.5%","171","","270","","441","","605","49.8%",""
"Nyxbloom Ancient","G","M","8064","4.72","844","7.17","991","19.9%","49.0%","165","","243","","408","","580","50.2%",""
"Jodah, the Unifier","WUBRG","R","8366","5.20","1273","7.23","2137","28.4%","49.9%","367","","572","57.2%","939","55.8%","1180","44.5%","11.3pp"
"Tymna the Weaver","WB","R","5997","3.84","1160","4.79","4487","63.3%","55.0%","791","59.3%","1066","55.9%","1857","57.4%","2603","53.4%","3.9pp"
"Winota, Joiner of Forces","WR","R","4689","3.28","1568","3.49","7384","74.3%","58.4%","1266","65.2%","1875","64.0%","3141","64.5%","4250","53.9%","10.6pp"
"Traxos, Scourge of Kroog","","R","4865","3.02","1490","3.39","7675","85.9%","53.6%","1326","53.2%","1899","55.3%","3225","54.5%","4382","52.8%","1.7pp"
"Akroma's Will","W","M","3507","2.28","1898","2.24","10856","90.3%","57.7%","1804","61.1%","2725","65.2%","4529","63.6%","6253","53.4%","10.2pp"
"Danitha Capashen, Paragon","W","U","38324","3.21","8457","3.82","44483","86.2%","55.4%","7921","56.0%","10444","55.4%","18365","55.7%","26108","55.1%","0.6pp"
"Kenrith, the Returned King","W","R","2648","1.85","1459","1.84","8316","92.2%","55.0%","1418","54.9%","2151","61.1%","3569","58.7%","4685","51.8%","6.8pp"
"Loran of the Third Path","W","R","4530","2.82","1403","3.22","7595","86.0%","57.4%","1281","56.8%","1815","61.7%","3096","59.7%","4464","55.9%","3.8pp"
"Mangara, the Diplomat","W","R","3772","2.43","1052","2.70","5175","81.4%","53.1%","856","51.3%","1258","54.6%","2114","53.3%","3022","53.0%","0.3pp"
"Stroke of Midnight","W","U","59167","4.83","5142","7.58","15719","52.0%","50.7%","2645","46.4%","3804","51.3%","6449","49.3%","9220","51.6%","-2.4pp"
"Wall of Omens","W","U","61890","4.82","9926","6.50","39763","65.3%","55.6%","7258","57.3%","9558","57.8%","16816","57.6%","22757","54.2%","3.4pp"
"Brainstorm","U","U","66696","5.35","8828","8.01","23547","44.2%","53.0%","4088","51.0%","6388","55.0%","10476","53.4%","12904","52.6%","0.8pp"
"Cryptic Command","U","R","4372","2.82","1880","3.01","10269","86.4%","58.1%","1746","58.0%","2963","64.5%","4709","62.1%","5419","54.2%","7.9pp"
"Laboratory Maniac","U","U","84538","7.61","10960","11.04","4097","6.1%","50.5%","714","42.0%","1313","53.3%","2027","49.3%","2031","51.5%","-2.2pp"
"Rhystic Study","U","M","6333","4.11","790","5.77","1577","33.8%","45.1%","290","","397","","687","47.7%","878","43.4%","4.3pp"
"Teferi, Mage of Zhalfir","U","R","6701","4.21","1101","5.74","2917","43.9%","51.7%","486","","806","53.2%","1292","51.7%","1612","51.6%","0.2pp"
"Deadly Dispute","B","U","58309","4.35","10865","5.89","52567","79.4%","55.0%","8874","53.9%","13276","57.8%","22150","56.2%","29926","54.1%","2.2pp"
"Diabolic Intent","B","R","7552","4.80","836","7.39","1462","29.2%","49.5%","252","","375","","627","48.2%","826","50.5%","-2.3pp"
"Gix, Yawgmoth Praetor","B","M","3229","2.07","1573","2.10","8696","87.9%","55.8%","1557","59.9%","2208","58.6%","3765","59.1%","4823","53.4%","5.7pp"
"K'rrik, Son of Yawgmoth","B","R","6955","4.39","760","6.49","1404","31.7%","47.6%","230","","296","","526","43.9%","865","49.6%","-5.7pp"
"Varragoth, Bloodsky Sire","B","R","4200","2.64","1028","3.08","5230","86.0%","53.3%","902","49.7%","1363","55.2%","2265","53.0%","2904","53.6%","-0.6pp"
"Captain Lannery Storm","R","U","47799","3.69","10447","4.65","52796","81.9%","55.9%","9411","58.5%","13247","56.9%","22658","57.6%","29921","54.5%","3.1pp"
"Light Up the Stage","R","U","72366","5.83","9836","8.39","29408","48.8%","54.9%","4956","53.1%","7146","56.5%","12102","55.1%","17127","54.7%","0.3pp"
"Lightning Bolt","R","U","29894","2.46","12341","2.67","68786","89.2%","56.6%","12042","58.2%","17714","60.8%","29756","59.7%","38407","54.0%","5.7pp"
"Mizzix's Mastery","R","R","7303","4.52","1214","5.97","3278","45.3%","52.7%","557","48.8%","915","55.5%","1472","53.0%","1778","52.3%","0.7pp"
"Najeela, the Blade-Blossom","R","M","5760","3.57","1110","4.51","4035","61.2%","53.3%","720","54.6%","1024","53.8%","1744","54.1%","2279","52.6%","1.6pp"
"Ragavan, Nimble Pilferer","R","M","3002","1.88","1551","1.91","8058","84.8%","56.4%","1493","62.8%","2058","55.9%","3551","58.8%","4461","54.5%","4.3pp"
"Carpet of Flowers","G","R","10030","6.50","1104","10.12","109","1.6%","","14","","29","","43","","65","",""
"Farseek","G","U","62220","4.83","9290","6.63","39097","70.8%","53.4%","6985","53.2%","9513","52.7%","16498","52.9%","22437","53.7%","-0.7pp"
"Fynn, the Fangbearer","G","U","59641","4.63","9961","6.33","48425","80.5%","54.5%","8625","56.5%","11818","54.8%","20443","55.5%","27707","53.8%","1.7pp"
"Nature's Claim","G","U","80400","7.06","8129","10.83","7494","15.3%","52.0%","1218","47.2%","1899","54.1%","3117","51.4%","4344","52.3%","-0.9pp"
"Primeval Titan","G","R","2809","1.89","1470","1.94","8221","90.3%","56.2%","1403","58.8%","2134","62.6%","3537","61.1%","4592","52.4%","8.7pp"
"Atraxa, Grand Unifier","WUBG","M","3252","2.22","1818","2.09","9559","84.7%","55.7%","1603","63.4%","2733","68.2%","4336","66.4%","5058","46.1%","20.3pp"
"Bruse Tarl, Boorish Herder","WR","R","4312","2.98","1568","3.09","7546","76.9%","57.5%","1302","60.7%","1859","62.0%","3161","61.5%","4380","54.6%","6.9pp"
"Dovin's Veto","WU","U","82124","7.42","8952","11.11","4908","9.1%","49.3%","857","47.4%","1257","49.6%","2114","48.7%","2785","49.7%","-1.0pp"
"Inalla, Archmage Ritualist","UBR","R","8468","5.18","1198","7.65","971","13.7%","46.4%","168","","253","","421","","541","45.1%",""
"Ishai, Ojutai Dragonspeaker","WU","R","7699","4.88","913","7.17","1629","30.3%","47.1%","265","","421","","686","45.2%","933","48.4%","-3.3pp"
"Isshin, Two Heavens as One","WBR","R","8427","5.31","957","8.18","488","8.4%","","82","","99","","181","","306","",""
"Kinnan, Bonder Prodigy","UG","M","7909","4.82","1334","6.45","3743","46.3%","55.1%","652","56.1%","1046","54.9%","1698","55.4%","2027","54.9%","0.5pp"
"Kraum, Ludevic's Opus","UR","R","5021","3.23","1553","3.54","7314","76.7%","54.8%","1239","53.2%","2103","59.2%","3342","57.0%","3924","52.7%","4.4pp"
"Muldrotha, the Gravetide","UBG","R","4205","2.88","1618","3.11","8154","82.5%","53.6%","1397","55.5%","2266","60.5%","3663","58.6%","4335","49.1%","9.6pp"
"Thrasios, Triton Hero","UG","M","7059","4.22","1494","5.29","5800","64.7%","54.2%","1034","52.8%","1551","56.9%","2585","55.2%","3169","53.1%","2.2pp"
"Vial Smasher the Fierce","BR","M","4312","2.78","1405","2.87","6626","77.8%","53.4%","1124","55.3%","1695","56.4%","2819","56.0%","3744","51.4%","4.6pp"
"Yuriko, the Tiger's Shadow","UB","R","6379","4.01","1282","5.07","4169","54.1%","50.7%","701","47.9%","1204","53.8%","1905","51.7%","2224","50.0%","1.7pp"
"Chromatic Lantern","","R","7003","4.23","820","6.01","2248","46.8%","48.9%","423","","562","49.3%","985","48.5%","1243","49.2%","-0.6pp"
"Smuggler's Copter","","R","2369","1.59","1963","1.61","12562","99.0%","59.5%","2288","66.6%","3087","62.4%","5375","64.2%","6635","55.0%","9.1pp"
"Strixhaven Stadium","","U","84245","7.86","8681","11.82","1288","2.4%","47.2%","221","","311","","532","45.7%","744","48.1%","-2.4pp"
"Command Beacon","","R","11100","7.38","1367","10.81","25","0.3%","","6","","4","","10","","15","",""