Name,Rarity,Color Identity,Mana Cost,Type Line,Card Text
Absolute Virtue,Mythic,UW,{6}{W}{U},Legendary Creature — Avatar Warrior,"This spell can't be countered. Flying You have protection from each of your opponents. (You can't be dealt damage, enchanted, or targeted by anything controlled by your opponents.)"
Adelbert Steiner,Uncommon,W,{1}{W},Legendary Creature — Human Knight,Lifelink Adelbert Steiner gets +1/+1 for each Equipment you control.
Adventurer's Airship,Common,Colorless,{3},Artifact — Vehicle,"Flying Whenever this Vehicle attacks, draw a card, then discard a card. Crew 2 (Tap any number of creatures you control with total power 2 or more: This Vehicle becomes an artifact creature until end of turn.)"
Adventurer's Inn,Common,Colorless,,Land — Town,"When this land enters, you gain 2 life. {T}: Add {C}."
Aerith Gainsborough,Rare,W,{2}{W},Legendary Creature — Human Cleric,"Lifelink Whenever you gain life, put a +1/+1 counter on Aerith Gainsborough. When Aerith Gainsborough dies, put X +1/+1 counters on each legendary creature you control, where X is the number of +1/+1 counters on Aerith Gainsborough."
Aerith Rescue Mission,Common,W,{3}{W},Sorcery,"Choose one — • Take the Elevator — Create three 1/1 colorless Hero creature tokens. • Take 59 Flights of Stairs — Tap up to three target creatures. Put a stun counter on one of them. (If a permanent with a stun counter would become untapped, remove one from it instead.)"
Aettir and Priwen,Mythic,Colorless,{6},Legendary Artifact — Equipment,"Equipped creature has base power and toughness X/X, where X is your life total. Equip {5}"
Ahriman,Common,B,{2}{B},Creature — Eye Horror,"Flying, deathtouch {3}, Sacrifice another creature or artifact: Draw a card."
Airship Crash,Common,G,{2}{G},Instant,"Destroy target artifact, enchantment, or creature with flying. Cycling {2} ({2}, Discard this card: Draw a card.)"
Al Bhed Salvagers,Uncommon,B,{2}{B},Creature — Human Artificer Warrior,"Whenever this creature or another creature or artifact you control dies, target opponent loses 1 life and you gain 1 life."
Ambrosia Whiteheart,Uncommon,W,{1}{W},Legendary Creature — Bird,"Flash When Ambrosia Whiteheart enters, you may return another permanent you control to its owner's hand. Landfall — Whenever a land you control enters, Ambrosia Whiteheart gets +1/+0 until end of turn."
Ancient Adamantoise,Mythic,G,{5}{G}{G}{G},Creature — Turtle,"Vigilance, ward {3} Damage isn't removed from this creature during cleanup steps. All damage that would be dealt to you and other permanents you control is dealt to this creature instead. When this creature dies, exile it and create ten tapped Treasure tokens."
"Ardyn, the Usurper",Rare,B,{5}{B}{B}{B},Legendary Creature — Elder Human Noble,"Demons you control have menace, lifelink, and haste. Starscourge — At the beginning of combat on your turn, exile up to one target creature card from a graveyard. If you exiled a card this way, create a token that's a copy of that card, except it's a 5/5 black Demon."
A Realm Reborn,Rare,G,{4}{G}{G},Enchantment,"Other permanents you control have ""{T}: Add one mana of any color."""
"Ashe, Princess of Dalmasca",Uncommon,W,{2}{W},Legendary Creature — Human Rebel Noble,"Whenever Ashe attacks, look at the top five cards of your library. You may reveal an artifact card from among them and put it into your hand. Put the rest on the bottom of your library in a random order."
Astrologian's Planisphere,Rare,U,{1}{U},Artifact — Equipment,"Job select (When this Equipment enters, create a 1/1 colorless Hero creature token, then attach this to it.) Equipped creature is a Wizard in addition to its other types and has ""Whenever you cast a noncreature spell and whenever you draw your third card each turn, put a +1/+1 counter on this creature."" Diana — Equip {2}"
Auron's Inspiration,Uncommon,W,{2}{W},Instant,Attacking creatures get +2/+0 until end of turn. Flashback {2}{W}{W} (You may cast this card from your graveyard for its flashback cost. Then exile it.)
A-Vivi Ornitier,Mythic,RU,{1}{U}{R},Legendary Creature — Wizard,"{T}: Add X mana in any combination of {U} and/or {R}, where X is Vivi Ornitier's power. Whenever you cast a noncreature spell, put a +1/+1 counter on Vivi Ornitier and it deals 1 damage to each opponent."
"Balamb Garden, SeeD Academy // Balamb Garden, Airborne",Rare,GU, // ,Land — Town // Legendary Artifact — Vehicle,"This land enters tapped. {T}: Add {G} or {U}. {5}{G}{U}, {T}: Transform this land. This ability costs {1} less to activate for each other Town you control. // Flying Whenever Balamb Garden attacks, draw a card. Crew 1 (Tap any number of creatures you control with total power 1 or more: This Vehicle becomes an artifact creature until end of turn.)"
Balamb T-Rexaur,Common,G,{4}{G}{G},Creature — Dinosaur,"Trample When this creature enters, you gain 3 life. Forestcycling {2} ({2}, Discard this card: Search your library for a Forest card, reveal it, put it into your hand, then shuffle.)"
Balthier and Fran,Rare,GR,{1}{R}{G},Legendary Creature — Human Rabbit,"Reach Vehicles you control get +1/+1 and have vigilance and reach. Whenever a Vehicle crewed by Balthier and Fran this turn attacks, if it's the first combat phase of the turn, you may pay {1}{R}{G}. If you do, after this phase, there is an additional combat phase."
Bard's Bow,Common,G,{2}{G},Artifact — Equipment,"Job select (When this Equipment enters, create a 1/1 colorless Hero creature token, then attach this to it.) Equipped creature gets +2/+2, has reach, and is a Bard in addition to its other types. Perseus's Bow — Equip {6} ({6}: Attach to target creature you control. Equip only as a sorcery.)"
"Baron, Airship Kingdom",Common,RU,,Land — Town,This land enters tapped. {T}: Add {U} or {R}.
Barret Wallace,Uncommon,R,{3}{R},Legendary Creature — Human Rebel,"Reach Whenever Barret Wallace attacks, it deals damage equal to the number of equipped creatures you control to defending player."
Bartz and Boko,Rare,G,{3}{G}{G},Legendary Creature — Human Bird,"Affinity for Birds (This spell costs {1} less to cast for each Bird you control.) When Bartz and Boko enters, each other Bird you control deals damage equal to its power to target creature an opponent controls."
Battle Menu,Uncommon,W,{1}{W},Instant,Choose one — • Attack — Create a 2/2 white Knight creature token. • Ability — Target creature gets +0/+4 until end of turn. • Magic — Destroy target creature with power 4 or greater. • Item — You gain 4 life.
"Beatrix, Loyal General",Rare,W,{4}{W}{W},Legendary Creature — Human Soldier,"Vigilance (Attacking doesn't cause this creature to tap.) At the beginning of combat on your turn, you may attach any number of Equipment you control to target creature you control."
Black Mage's Rod,Common,B,{1}{B},Artifact — Equipment,"Job select (When this Equipment enters, create a 1/1 colorless Hero creature token, then attach this to it.) Equipped creature gets +1/+0, has ""Whenever you cast a noncreature spell, this creature deals 1 damage to each opponent,"" and is a Wizard in addition to its other types. Equip {3}"
Black Waltz No. 3,Uncommon,BR,{2}{B}{R},Legendary Creature — Wizard,"Flying, deathtouch Whenever you cast a noncreature spell, Black Waltz No. 3 deals 2 damage to each opponent."
Blazing Bomb,Common,R,{R},Creature — Elemental,"Whenever you cast a noncreature spell, if at least four mana was spent to cast it, put a +1/+1 counter on this creature. Blow Up — {T}, Sacrifice this creature: It deals damage equal to its power to target creature. Activate only as a sorcery."
Blitzball,Common,Colorless,{3},Artifact,"{T}: Add one mana of any color. GOOOOAAAALLL! — {T}, Sacrifice this artifact: Draw two cards. Activate only if an opponent was dealt combat damage by a legendary creature this turn."
Blitzball Shot,Common,G,{1}{G},Instant,Target creature gets +3/+3 and gains trample until end of turn.
Buster Sword,Mythic,Colorless,{3},Artifact — Equipment,"Equipped creature gets +3/+2. Whenever equipped creature deals combat damage to a player, draw a card, then you may cast a spell from your hand with mana value less than or equal to that damage without paying its mana cost. Equip {2}"
Cactuar,Uncommon,G,{G},Creature — Plant,"Trample At the beginning of your end step, if this creature didn't enter the battlefield this turn, return it to its owner's hand."
Call the Mountain Chocobo,Common,R,{3}{R},Sorcery,"Search your library for a Mountain card, reveal it, put it into your hand, then shuffle. Create a 2/2 green Bird creature token with ""Whenever a land you control enters, this token gets +1/+0 until end of turn."" Flashback {5}{R} (You may cast this card from your graveyard for its flashback cost. Then exile it.)"
Capital City,Uncommon,Colorless,,Land — Town,"{T}: Add {C}. {1}, {T}: Add one mana of any color. Cycling {2} ({2}, Discard this card: Draw a card.)"
Cargo Ship,Uncommon,U,{1}{U},Artifact — Vehicle,"Flying, vigilance {T}: Add {C}. Spend this mana only to cast an artifact spell or activate an ability of an artifact source. Crew 1 (Tap any number of creatures you control with total power 1 or more: This Vehicle becomes an artifact creature until end of turn.)"
"Cecil, Dark Knight // Cecil, Redeemed Paladin",Rare,BW,{B} // ,Legendary Creature — Human Knight // Legendary Creature — Human Knight,"Deathtouch Darkness — Whenever Cecil deals damage, you lose that much life. Then if your life total is less than or equal to half your starting life total, untap Cecil and transform it. // Lifelink Protect — Whenever Cecil attacks, other attacking creatures gain indestructible until end of turn."
Chocobo Kick,Common,G,{1}{G},Sorcery,"Kicker—Return a land you control to its owner's hand. (You may return a land you control to its owner's hand in addition to any other costs as you cast this spell.) Target creature you control deals damage equal to its power to target creature an opponent controls. If this spell was kicked, the creature you control deals twice that much damage instead."
Chocobo Racetrack,Uncommon,G,{3}{G}{G},Artifact,"Landfall — Whenever a land you control enters, create a 2/2 green Bird creature token with ""Whenever a land you control enters, this token gets +1/+0 until end of turn."""
Choco-Comet,Uncommon,R,{X}{R}{R},Sorcery,"Choco-Comet deals X damage to any target. Create a 2/2 green Bird creature token with ""Whenever a land you control enters, this token gets +1/+0 until end of turn."""
"Choco, Seeker of Paradise",Rare,GUW,{1}{G}{W}{U},Legendary Creature — Bird,"Whenever one or more Birds you control attack, look at that many cards from the top of your library. You may put one of them into your hand. Then put any number of land cards from among them onto the battlefield tapped and the rest into your graveyard. Landfall — Whenever a land you control enters, Choco gets +1/+0 until end of turn."
"Cid, Timeless Artificer",Uncommon,UW,{2}{W}{U},Legendary Creature — Human Artificer,"Artifact creatures and Heroes you control get +1/+1 for each Artificer you control and each Artificer card in your graveyard. A deck can have any number of cards named Cid, Timeless Artificer. Cycling {W}{U} ({W}{U}, Discard this card: Draw a card.)"
Circle of Power,Uncommon,B,{3}{B},Sorcery,"You draw two cards and you lose 2 life. Create a 0/1 black Wizard creature token with ""Whenever you cast a noncreature spell, this token deals 1 damage to each opponent."" Wizards you control get +1/+0 and gain lifelink until end of turn."
Clash of the Eikons,Uncommon,G,{G},Sorcery,Choose one or more — • Target creature you control fights target creature an opponent controls. • Remove a lore counter from target Saga you control. (Removing lore counters doesn't cause chapter abilities to trigger.) • Put a lore counter on target Saga you control.
"Clive, Ifrit's Dominant // Ifrit, Warden of Inferno",Mythic,R,{4}{R}{R} // ,Legendary Creature — Human Noble Warrior // Legendary Enchantment Creature — Saga Demon,"When Clive enters, you may discard your hand, then draw cards equal to your devotion to red. (Each {R} in the mana costs of permanents you control counts toward your devotion to red.) {4}{R}{R}, {T}: Exile Clive, then return it to the battlefield transformed under its owner's control. Activate only as a sorcery. // (As this Saga enters and after your draw step, add a lore counter.) I — Lunge — Ifrit fights up to one other target creature. II, III — Brimstone — Add {R}{R}{R}{R}. If Ifrit has three or more lore counters on it, exile it, then return it to the battlefield (front face up)."
Clive's Hideaway,Rare,Colorless,,Land — Town,"Hideaway 4 (When this land enters, look at the top four cards of your library, exile one face down, then put the rest on the bottom in a random order.) {T}: Add {C}. {2}, {T}: You may play the exiled card without paying its mana cost if you control four or more legendary creatures."
Cloudbound Moogle,Common,W,{3}{W}{W},Creature — Moogle,"Flying When this creature enters, put a +1/+1 counter on target creature. Plainscycling {2} ({2}, Discard this card: Search your library for a Plains card, reveal it, put it into your hand, then shuffle.)"
"Cloud, Midgar Mercenary",Mythic,W,{W}{W},Legendary Creature — Human Soldier Mercenary,"When Cloud enters, search your library for an Equipment card, reveal it, put it into your hand, then shuffle. As long as Cloud is equipped, if an ability of Cloud or an Equipment attached to it triggers, that ability triggers an additional time."
Cloud of Darkness,Uncommon,BG,{2}{B}{G}{G},Legendary Creature — Avatar,"Flying Particle Beam — When Cloud of Darkness enters, target creature an opponent controls gets -X/-X until end of turn, where X is the number of permanent cards in your graveyard."
"Cloud, Planet's Champion",Mythic,RW,{3}{R}{W},Legendary Creature — Human Soldier Mercenary,"During your turn, as long as Cloud is equipped, it has double strike and indestructible. (This creature deals both first-strike and regular combat damage. Damage and effects that say ""destroy"" don't destroy this creature.) Equip abilities you activate that target Cloud cost {2} less to activate."
Coeurl,Common,W,{1}{W},Creature — Cat Beast,"{1}{W}, {T}: Tap target nonenchantment creature."
Coliseum Behemoth,Uncommon,G,{5}{G}{G},Creature — Beast,"Trample When this creature enters, choose one — • Destroy target artifact or enchantment. • Draw a card."
Combat Tutorial,Common,U,{2}{U},Sorcery,Target player draws two cards. Put a +1/+1 counter on up to one target creature you control.
Commune with Beavers,Common,G,{G},Sorcery,"Look at the top three cards of your library. You may reveal an artifact, creature, or land card from among them and put it into your hand. Put the rest on the bottom of your library in any order."
Coral Sword,Uncommon,R,{R},Artifact — Equipment,"Flash When this Equipment enters, attach it to target creature you control. That creature gains first strike until end of turn. Equipped creature gets +1/+0. Equip {1}"
Cornered by Black Mages,Common,B,{1}{B}{B},Sorcery,"Target opponent sacrifices a creature of their choice. Create a 0/1 black Wizard creature token with ""Whenever you cast a noncreature spell, this token deals 1 damage to each opponent."""
Crossroads Village,Common,Colorless,,Land — Town,"This land enters tapped. As it enters, choose a color. {T}: Add one mana of the chosen color."
Crystal Fragments // Summon: Alexander,Uncommon,W,{W} // ,Artifact — Equipment // Enchantment Creature — Saga Construct,"Equipped creature gets +1/+1. {5}{W}{W}: Exile this Equipment, then return it to the battlefield transformed under its owner's control. Activate only as a sorcery. Equip {1} // (As this Saga enters and after your draw step, add a lore counter. Sacrifice after III.) I, II — Prevent all damage that would be dealt to creatures you control this turn. III — Tap all creatures your opponents control. Flying"
Dark Confidant,Mythic,B,{1}{B},Creature — Human Wizard,"At the beginning of your upkeep, reveal the top card of your library and put that card into your hand. You lose life equal to its mana value."
Dark Knight's Greatsword,Uncommon,B,{2}{B},Artifact — Equipment,"Job select (When this Equipment enters, create a 1/1 colorless Hero creature token, then attach this to it.) Equipped creature gets +3/+0 and is a Knight in addition to its other types. Chaosbringer — Equip—Pay 3 life. Activate only once each turn."
Deadly Embrace,Rare,B,{3}{B}{B},Sorcery,Destroy target creature an opponent controls. Then draw a card for each creature that died this turn.
Delivery Moogle,Uncommon,W,{3}{W},Creature — Moogle,"Flying When this creature enters, search your library and/or graveyard for an artifact card with mana value 2 or less, reveal it, and put it into your hand. If you search your library this way, shuffle."
Demon Wall,Uncommon,B,{1}{B},Artifact Creature — Demon Wall,"Defender Menace (This creature can't be blocked except by two or more creatures.) As long as this creature has a counter on it, it can attack as though it didn't have defender. {5}{B}: Put two +1/+1 counters on this creature."
Diamond Weapon,Uncommon,G,{7}{G}{G},Legendary Artifact Creature — Elemental,This spell costs {1} less to cast for each permanent card in your graveyard. Reach Immune — Prevent all combat damage that would be dealt to Diamond Weapon.
"Dion, Bahamut's Dominant // Bahamut, Warden of Light",Rare,W,{3}{W} // ,Legendary Creature — Human Noble Knight // Legendary Enchantment Creature — Saga Dragon,"Dragonfire Dive — During your turn, Dion and other Knights you control have flying. When Dion enters, create a 2/2 white Knight creature token. {4}{W}{W}, {T}: Exile Dion, then return it to the battlefield transformed under its owner's control. Activate only as a sorcery. // (As this Saga enters and after your draw step, add a lore counter.) I, II — Wings of Light — Put a +1/+1 counter on each other creature you control. Those creatures gain flying until end of turn. III — Gigaflare — Destroy target permanent. Exile Bahamut, then return it to the battlefield (front face up). Flying"
Dragoon's Lance,Uncommon,W,{1}{W},Artifact — Equipment,"Job select (When this Equipment enters, create a 1/1 colorless Hero creature token, then attach this to it.) Equipped creature gets +1/+0 and is a Knight in addition to its other types. During your turn, equipped creature has flying. Gae Bolg — Equip {4}"
Dragoon's Wyvern,Common,U,{2}{U},Creature — Drake,"Flying When this creature enters, create a 1/1 colorless Hero creature token."
Dreams of Laguna,Common,U,{1}{U},Instant,"Surveil 1, then draw a card. (To surveil 1, look at the top card of your library. You may put it into your graveyard.) Flashback {3}{U} (You may cast this card from your graveyard for its flashback cost. Then exile it.)"
Dwarven Castle Guard,Common,W,{1}{W},Creature — Dwarf Soldier,"When this creature dies, create a 1/1 colorless Hero creature token."
"Eden, Seat of the Sanctum",Uncommon,Colorless,,Land — Town,"{T}: Add {C}. {5}, {T}: Mill two cards. Then you may sacrifice this land. When you do, return another target permanent card from your graveyard to your hand."
"Edgar, King of Figaro",Rare,U,{4}{U}{U},Legendary Creature — Human Artificer Noble,"When Edgar enters, draw a card for each artifact you control. Two-Headed Coin — The first time you flip one or more coins each turn, those coins come up heads and you win those flips."
Eject,Uncommon,U,{3}{U},Instant,This spell can't be countered. Return target nonland permanent to its owner's hand. Draw a card.
Elixir,Uncommon,Colorless,{1},Artifact,"This artifact enters tapped. {5}, {T}, Exile this artifact: Shuffle all nonland cards from your graveyard into your library. You gain life equal to the number of cards shuffled into your library this way."
"Emet-Selch, Unsundered // Hades, Sorcerer of Eld",Mythic,BU,{1}{U}{B} // ,Legendary Creature — Elder Wizard // Legendary Creature — Avatar,"Vigilance Whenever Emet-Selch enters or attacks, draw a card, then discard a card. At the beginning of your upkeep, if there are fourteen or more cards in your graveyard, you may transform Emet-Selch. // Vigilance Echo of the Lost — During your turn, you may play cards from your graveyard. If a card or token would be put into your graveyard from anywhere, exile it instead."
Esper Origins // Summon: Esper Maduin,Rare,G,{1}{G} // ,Sorcery // Enchantment Creature — Saga Elemental,"Surveil 2. You gain 2 life. If this spell was cast from a graveyard, exile it, then put it onto the battlefield transformed under its owner's control with a finality counter on it. (If a creature with a finality counter on it would die, exile it instead.) Flashback {3}{G} (You may cast this card from your graveyard for its flashback cost. Then exile it.) // (As this Saga enters and after your draw step, add a lore counter. Sacrifice after III.) I — Reveal the top card of your library. If it's a permanent card, put it into your hand. II — Add {G}{G}. III — Other creatures you control get +2/+2 and gain trample until end of turn."
Ether,Uncommon,U,{3}{U},Artifact,"{T}, Exile this artifact: Add {U}. When you next cast an instant or sorcery spell this turn, copy that spell. You may choose new targets for the copy."
Evil Reawakened,Uncommon,B,{4}{B},Sorcery,Return target creature card from your graveyard to the battlefield with two additional +1/+1 counters on it.
Excalibur II,Rare,Colorless,{1},Legendary Artifact — Equipment,"Whenever you gain life, put a charge counter on Excalibur II. Equipped creature gets +1/+1 for each charge counter on Excalibur II. Equip {3}"
"Exdeath, Void Warlock // Neo Exdeath, Dimension's End",Uncommon,BG,{1}{B}{G} // ,Legendary Creature — Spirit Warlock // Legendary Creature — Spirit Avatar,"When Exdeath enters, you gain 3 life. At the beginning of your end step, if there are six or more permanent cards in your graveyard, transform Exdeath. // Trample Neo Exdeath's power is equal to the number of permanent cards in your graveyard."
"Fang, Fearless l'Cie",Uncommon,B,{2}{B},Legendary Creature — Human Warrior,"Whenever one or more cards leave your graveyard, you draw a card and you lose 1 life. This ability triggers only once each turn. (Melds with Vanille, Cheerful l'Cie.)"
Fate of the Sun-Cryst,Common,W,{4}{W},Instant,This spell costs {2} less to cast if it targets a tapped creature. Destroy target nonland permanent.
Fight On!,Common,B,{2}{B},Instant,Return up to two target creature cards from your graveyard to your hand.
Fire Magic,Uncommon,R,{R},Instant,Tiered (Choose one additional cost.) • Fire — {0} — Fire Magic deals 1 damage to each creature. • Fira — {2} — Fire Magic deals 2 damage to each creature. • Firaga — {5} — Fire Magic deals 3 damage to each creature.
"Firion, Wild Rose Warrior",Rare,R,{2}{R},Legendary Creature — Human Rebel Warrior,"Equipped creatures you control have haste. Whenever a nontoken Equipment you control enters, create a token that's a copy of it, except it has ""This Equipment's equip abilities cost {2} less to activate."" Sacrifice that token at the beginning of the next upkeep."
Freya Crescent,Uncommon,R,{R},Legendary Creature — Rat Knight,"Jump — During your turn, Freya Crescent has flying. {T}: Add {R}. Spend this mana only to cast an Equipment spell or activate an equip ability."
From Father to Son,Rare,W,{1}{W},Sorcery,"Search your library for a Vehicle card, reveal it, and put it into your hand. If this spell was cast from a graveyard, put that card onto the battlefield instead. Then shuffle. Flashback {4}{W}{W}{W} (You may cast this card from your graveyard for its flashback cost. Then exile it.)"
Gaelicat,Common,W,{2}{W},Creature — Cat,"Flying, vigilance As long as you control two or more artifacts, this creature gets +2/+0."
Gaius van Baelsar,Uncommon,B,{2}{B}{B},Legendary Creature — Human Soldier,"When Gaius van Baelsar enters, choose one — • Each player sacrifices a creature token of their choice. • Each player sacrifices a nontoken creature of their choice. • Each player sacrifices an enchantment of their choice."
Galuf's Final Act,Uncommon,G,{1}{G},Instant,"Until end of turn, target creature gets +1/+0 and gains ""When this creature dies, put a number of +1/+1 counters equal to its power on up to one target creature."""
"Garland, Knight of Cornelia // Chaos, the Endless",Uncommon,BR,{B}{R} // ,Legendary Creature — Human Knight // Legendary Creature — Demon,"Whenever you cast a noncreature spell, surveil 1. (Look at the top card of your library. You may put it into your graveyard.) {3}{B}{B}{R}{R}: Return this card from your graveyard to the battlefield transformed. Activate only as a sorcery. // Flying When Chaos dies, put it on the bottom of its owner's library."
"Garnet, Princess of Alexandria",Uncommon,GW,{G}{W},Legendary Creature — Human Noble Cleric,"Lifelink Whenever Garnet attacks, you may remove a lore counter from each of any number of Sagas you control. Put a +1/+1 counter on Garnet for each lore counter removed this way."
Genji Glove,Rare,Colorless,{5},Artifact — Equipment,"Equipped creature has double strike. Whenever equipped creature attacks, if it's the first combat phase of the turn, untap it. After this phase, there is an additional combat phase. Equip {3}"
Gigantoad,Common,G,{3}{G},Creature — Frog,"As long as you control seven or more lands, this creature gets +2/+2."
"Gilgamesh, Master-at-Arms",Rare,R,{4}{R}{R},Legendary Creature — Human Samurai,"Whenever Gilgamesh enters or attacks, look at the top six cards of your library. You may put any number of Equipment cards from among them onto the battlefield. Put the rest on the bottom of your library in a random order. When you put one or more Equipment onto the battlefield this way, you may attach one of them to a Samurai you control."
"Giott, King of the Dwarves",Uncommon,RW,{R}{W},Legendary Creature — Dwarf Noble,"Double strike Whenever Giott or another Dwarf you control enters and whenever an Equipment you control enters, you may discard a card. If you do, draw a card."
Gladiolus Amicitia,Uncommon,GR,{4}{R}{G},Legendary Creature — Human Warrior,"When Gladiolus Amicitia enters, search your library for a land card, put it onto the battlefield tapped, then shuffle. Landfall — Whenever a land you control enters, another target creature you control gets +2/+2 and gains trample until end of turn."
"Gogo, Master of Mimicry",Mythic,U,{2}{U},Legendary Creature — Wizard,"{X}{X}, {T}: Copy target activated or triggered ability you control X times. You may choose new targets for the copies. This ability can't be copied and X can't be 0. (Mana abilities can't be targeted.)"
"Gohn, Town of Ruin",Common,BG,,Land — Town,This land enters tapped. {T}: Add {B} or {G}.
"Golbez, Crystal Collector",Rare,BU,{U}{B},Legendary Creature — Human Wizard,"Whenever an artifact you control enters, surveil 1. At the beginning of your end step, if you control four or more artifacts, return target creature card from your graveyard to your hand. Then if you control eight or more artifacts, each opponent loses life equal to that card's power."
"Gongaga, Reactor Town",Common,GR,,Land — Town,This land enters tapped. {T}: Add {R} or {G}.
Goobbue Gardener,Common,G,{1}{G},Creature — Plant Beast,{T}: Add {G}.
G'raha Tia,Uncommon,W,{4}{W},Legendary Creature — Cat Archer,"Reach The Allagan Eye — Whenever one or more other creatures and/or artifacts you control die, draw a card. This ability triggers only once each turn."
Gran Pulse Ochu,Common,G,{G},Creature — Plant Beast,"Deathtouch {8}: Until end of turn, this creature gets +1/+1 for each permanent card in your graveyard."
"Guadosalam, Farplane Gateway",Common,GU,,Land — Town,This land enters tapped. {T}: Add {G} or {U}.
Gysahl Greens,Common,G,{1}{G},Sorcery,"Create a 2/2 green Bird creature token with ""Whenever a land you control enters, this token gets +1/+0 until end of turn."" Flashback {6}{G} (You may cast this card from your graveyard for its flashback cost. Then exile it.)"
Haste Magic,Common,R,{1}{R},Instant,Target creature gets +3/+1 and gains haste until end of turn. Exile the top card of your library. You may play it until your next end step.
Hecteyes,Common,B,{1}{B},Creature — Ooze Horror,"When this creature enters, each opponent discards a card."
Hill Gigas,Common,R,{4}{R}{R},Creature — Giant,"Trample, haste Mountaincycling {2} ({2}, Discard this card: Search your library for a Mountain card, reveal it, put it into your hand, then shuffle.)"
Hope Estheim,Rare,UW,{W}{U},Legendary Creature — Human Wizard,"Lifelink At the beginning of your end step, each opponent mills X cards, where X is the amount of life you gained this turn."
Ice Flan,Common,U,{4}{U}{U},Creature — Elemental Ooze,"When this creature enters, tap target artifact or creature an opponent controls. Put a stun counter on it. (If a permanent with a stun counter would become untapped, remove one from it instead.) Islandcycling {2} ({2}, Discard this card: Search your library for an Island card, reveal it, put it into your hand, then shuffle.)"
Ice Magic,Common,U,{1}{U},Instant,Tiered (Choose one additional cost.) • Blizzard — {0} — Return target creature to its owner's hand. • Blizzara — {2} — Target creature's owner puts it on their choice of the top or bottom of their library. • Blizzaga — {5}{U} — Target creature's owner shuffles it into their library.
Ignis Scientia,Uncommon,GU,{1}{G}{U},Legendary Creature — Human Advisor,"When Ignis Scientia enters, look at the top six cards of your library. You may put a land card from among them onto the battlefield tapped. Put the rest on the bottom of your library in a random order. I've Come Up with a New Recipe! — {1}{G}{U}, {T}: Exile target card from a graveyard. If a creature card was exiled this way, create a Food token."
Il Mheg Pixie,Uncommon,U,{1}{U},Creature — Faerie,"Flying Whenever this creature attacks, surveil 1. (Look at the top card of your library. You may put it into your graveyard.)"
"Insomnia, Crown City",Common,BW,,Land — Town,This land enters tapped. {T}: Add {W} or {B}.
Instant Ramen,Common,Colorless,{2},Artifact — Food,"Flash When this artifact enters, draw a card. {2}, {T}, Sacrifice this artifact: You gain 3 life."
Iron Giant,Common,Colorless,{7},Artifact Creature — Demon,"Vigilance, reach, trample"
"Ishgard, the Holy See // Faith & Grief",Rare,W,{3}{W}{W},Land — Town // Sorcery — Adventure,This land enters tapped. {T}: Add {W}. // Return up to two target artifact and/or enchantment cards from your graveyard to your hand. (Then exile this card. You may play the land later from exile.)
Item Shopkeep,Common,R,{1}{R},Creature — Human Citizen,"Whenever you attack, target attacking equipped creature gains menace until end of turn. (It can't be blocked except by two or more creatures.)"
"Jecht, Reluctant Guardian // Braska's Final Aeon",Rare,B,{3}{B} // ,Legendary Creature — Human Warrior // Legendary Enchantment Creature — Saga Nightmare,"Menace Whenever Jecht deals combat damage to a player, you may exile it, then return it to the battlefield transformed under its owner's control. // (As this Saga enters and after your draw step, add a lore counter. Sacrifice after III.) I, II — Jecht Beam — Each opponent discards a card and you draw a card. III — Ultimate Jecht Shot — Each opponent sacrifices two creatures of their choice. Menace"
"Jenova, Ancient Calamity",Rare,BG,{2}{B}{G},Legendary Creature — Alien,"At the beginning of combat on your turn, put a number of +1/+1 counters equal to Jenova's power on up to one other target creature. That creature becomes a Mutant in addition to its other types. Whenever a Mutant you control dies during your turn, you draw cards equal to its power."
"Jidoor, Aristocratic Capital // Overture",Rare,U,{4}{U}{U},Land — Town // Sorcery — Adventure,"This land enters tapped. {T}: Add {U}. // Target opponent mills half their library, rounded down. (Then exile this card. You may play the land later from exile.)"
"Jill, Shiva's Dominant // Shiva, Warden of Ice",Rare,U,{2}{U} // ,Legendary Creature — Human Noble Warrior // Legendary Enchantment Creature — Saga Elemental,"When Jill enters, return up to one other target nonland permanent to its owner's hand. {3}{U}{U}, {T}: Exile Jill, then return it to the battlefield transformed under its owner's control. Activate only as a sorcery. // (As this Saga enters and after your draw step, add a lore counter.) I, II — Mesmerize — Target creature can't be blocked this turn. III — Cold Snap — Tap all lands your opponents control. Exile Shiva, then return it to the battlefield (front face up)."
"Joshua, Phoenix's Dominant // Phoenix, Warden of Fire",Rare,RW,{1}{R}{W} // ,Legendary Creature — Human Noble Wizard // Legendary Enchantment Creature — Saga Phoenix,"When Joshua enters, discard up to two cards, then draw that many cards. {3}{R}{W}, {T}: Exile Joshua, then return it to the battlefield transformed under its owner's control. Activate only as a sorcery. // (As this Saga enters and after your draw step, add a lore counter.) I, II — Rising Flames — Phoenix deals 2 damage to each opponent. III — Flames of Rebirth — Return any number of target creature cards with total mana value 6 or less from your graveyard to the battlefield. Exile Phoenix, then return it to the battlefield (front face up). Flying, lifelink"
Judge Magister Gabranth,Uncommon,BW,{W}{B},Legendary Creature — Human Advisor Knight,"Menace (This creature can't be blocked except by two or more creatures.) Whenever another creature or artifact you control dies, put a +1/+1 counter on Judge Magister Gabranth."
Judgment Bolt,Rare,R,{3}{R},Instant,"Judgment Bolt deals 5 damage to target creature and X damage to that creature's controller, where X is the number of Equipment you control."
Jumbo Cactuar,Rare,G,{5}{G}{G},Creature — Plant,"10,000 Needles — Whenever this creature attacks, it gets +9999/+0 until end of turn."
"Kain, Traitorous Dragoon",Rare,B,{2}{B},Legendary Creature — Human Knight,"Jump — During your turn, Kain has flying. Whenever Kain deals combat damage to a player, that player gains control of Kain. If they do, you draw that many cards, create that many tapped Treasure tokens, then lose that much life."
"Kefka, Court Mage // Kefka, Ruler of Ruin",Mythic,BRU,{2}{U}{B}{R} // ,Legendary Creature — Human Wizard // Legendary Creature — Avatar Wizard,"Whenever Kefka enters or attacks, each player discards a card. Then you draw a card for each card type among cards discarded this way. {8}: Each opponent sacrifices a permanent of their choice. Transform Kefka. Activate only as a sorcery. // Flying Whenever an opponent loses life during your turn, you draw that many cards."
"Kuja, Genome Sorcerer // Trance Kuja, Fate Defied",Rare,BR,{2}{B}{R} // ,Legendary Creature — Human Mutant Wizard // Legendary Creature — Avatar Wizard,"At the beginning of your end step, create a tapped 0/1 black Wizard creature token with ""Whenever you cast a noncreature spell, this token deals 1 damage to each opponent."" Then if you control four or more Wizards, transform Kuja. // Flare Star — If a Wizard you control would deal damage to a permanent or player, it deals double that damage instead."
Laughing Mad,Common,R,{2}{R},Instant,"As an additional cost to cast this spell, discard a card. Draw two cards. Flashback {3}{R} (You may cast this card from your graveyard for its flashback cost and any additional costs. Then exile it.)"
"Lightning, Army of One",Mythic,RW,{1}{R}{W},Legendary Creature — Human Soldier,"First strike, trample, lifelink Stagger — Whenever Lightning deals combat damage to a player, until your next turn, if a source would deal damage to that player or a permanent that player controls, it deals double that damage instead."
"Lightning, Security Sergeant",Rare,R,{2}{R},Legendary Creature — Human Soldier,"Menace (This creature can't be blocked except by two or more creatures.) Whenever Lightning deals combat damage to a player, exile the top card of your library. You may play that card for as long as you control Lightning."
Light of Judgment,Common,R,{4}{R},Instant,Light of Judgment deals 6 damage to target creature. Destroy up to one Equipment attached to that creature.
"Lindblum, Industrial Regency // Mage Siege",Rare,R,{2}{R},Land — Town // Instant — Adventure,"This land enters tapped. {T}: Add {R}. // Create a 0/1 black Wizard creature token with ""Whenever you cast a noncreature spell, this token deals 1 damage to each opponent."""
Lion Heart,Uncommon,Colorless,{4},Artifact — Equipment,"When this Equipment enters, it deals 2 damage to any target. Equipped creature gets +2/+1. Equip {2}"
Locke Cole,Uncommon,BU,{1}{U}{B},Legendary Creature — Human Rogue,"Deathtouch, lifelink Whenever Locke Cole deals combat damage to a player, draw a card, then discard a card."
Loporrit Scout,Common,G,{2}{G},Creature — Rabbit Scout,"Whenever another creature you control enters, this creature gets +1/+1 until end of turn."
Louisoix's Sacrifice,Rare,U,{U},Instant,"As an additional cost to cast this spell, sacrifice a legendary creature or pay {2}. Counter target activated ability, triggered ability, or noncreature spell."
Lunatic Pandora,Common,Colorless,{1},Legendary Artifact,"{2}, {T}: Surveil 1. (Look at the top card of your library. You may put it into your graveyard.) {6}, {T}, Sacrifice Lunatic Pandora: Destroy target nonland permanent."
Machinist's Arsenal,Rare,W,{4}{W},Artifact — Equipment,"Job select (When this Equipment enters, create a 1/1 colorless Hero creature token, then attach this to it.) Equipped creature gets +2/+2 for each artifact you control and is an Artificer in addition to its other types. Machina — Equip {4} ({4}: Attach to target creature you control. Equip only as a sorcery.)"
Magic Damper,Common,U,{U},Instant,Target creature you control gets +1/+1 and gains hexproof until end of turn. Untap it.
Magic Pot,Common,Colorless,{3},Artifact Creature — Goblin Construct,"When this creature dies, create a Treasure token. (It's an artifact with ""{T}, Sacrifice this token: Add one mana of any color."") {2}, {T}: Exile target card from a graveyard."
Magitek Armor,Uncommon,W,{3}{W},Artifact — Vehicle,"When this Vehicle enters, create a 1/1 colorless Hero creature token. Crew 1 (Tap any number of creatures you control with total power 1 or more: This Vehicle becomes an artifact creature until end of turn.)"
Magitek Infantry,Common,W,{W},Artifact Creature — Robot Soldier,"This creature gets +1/+0 as long as you control another artifact. {2}{W}: Search your library for a card named Magitek Infantry, put it onto the battlefield tapped, then shuffle."
Magitek Scythe,Rare,Colorless,{4},Artifact — Equipment,"A Test of Your Reflexes! — When this Equipment enters, you may attach it to target creature you control. If you do, that creature gains first strike until end of turn and must be blocked this turn if able. Equipped creature gets +2/+1. Equip {2}"
Malboro,Common,B,{4}{B}{B},Creature — Plant Horror,"Bad Breath — When this creature enters, each opponent discards a card, loses 2 life, and exiles the top three cards of their library. Swampcycling {2} ({2}, Discard this card: Search your library for a Swamp card, reveal it, put it into your hand, then shuffle.)"
"Matoya, Archon Elder",Rare,U,{2}{U},Legendary Creature — Human Warlock,"Whenever you scry or surveil, draw a card. (Draw after you scry or surveil.)"
Memories Returning,Rare,U,{2}{U}{U},Sorcery,Reveal the top five cards of your library. Put one of them into your hand. Then choose an opponent. They put one on the bottom of your library. Then you put one into your hand. Then they put one on the bottom of your library. Put the other into your hand. Flashback {7}{U}{U}
"Midgar, City of Mako // Reactor Raid",Rare,B,{2}{B},Land — Town // Sorcery — Adventure,"This land enters tapped. {T}: Add {B}. // You may sacrifice an artifact or creature. If you do, draw two cards. (Then exile this card. You may play the land later from exile.)"
"Minwu, White Mage",Rare,W,{3}{W}{W},Legendary Creature — Human Cleric,"Vigilance, lifelink Whenever you gain life, put a +1/+1 counter on each Cleric you control."
Monk's Fist,Common,Colorless,{2},Artifact — Equipment,"Job select (When this Equipment enters, create a 1/1 colorless Hero creature token, then attach this to it.) Equipped creature gets +1/+0 and is a Monk in addition to its other types. Equip {2} ({2}: Attach to target creature you control. Equip only as a sorcery.)"
Moogles' Valor,Rare,W,{3}{W}{W},Instant,"For each creature you control, create a 1/2 white Moogle creature token with lifelink. Then creatures you control gain indestructible until end of turn."
Mysidian Elder,Common,R,{2}{R},Creature — Human Wizard,"When this creature enters, create a 0/1 black Wizard creature token with ""Whenever you cast a noncreature spell, this token deals 1 damage to each opponent."""
Namazu Trader,Common,B,{3}{B},Creature — Fish Citizen,"When this creature enters, you lose 1 life and create a Treasure token. Whenever this creature attacks, you may sacrifice another creature or artifact. If you do, surveil 2. (Look at the top two cards of your library, then put any number of them into your graveyard and the rest on top of your library in any order.)"
Nibelheim Aflame,Mythic,R,{2}{R}{R},Sorcery,"Choose target creature you control. It deals damage equal to its power to each other creature. If this spell was cast from a graveyard, discard your hand and draw four cards. Flashback {5}{R}{R} (You may cast this card from your graveyard for its flashback cost. Then exile it.)"
Ninja's Blades,Rare,B,{2}{B},Artifact — Equipment,"Job select Equipped creature gets +1/+1, is a Ninja in addition to its other types, and has ""Whenever this creature deals combat damage to a player, draw a card, then discard a card. That player loses life equal to the discarded card's mana value."" Mutsunokami — Equip {2}"
"Noctis, Prince of Lucis",Rare,BUW,{1}{W}{U}{B},Legendary Creature — Human Noble,"Lifelink You may cast artifact spells from your graveyard by paying 3 life in addition to paying their other costs. If you cast a spell this way, that artifact enters with a finality counter on it."
"Omega, Heartless Evolution",Uncommon,GU,{5}{G}{U},Legendary Artifact Creature — Robot,"Wave Cannon — When Omega enters, for each opponent, tap up to one target nonland permanent that opponent controls. Put X stun counters on each of those permanents and you gain X life, where X is the number of nonbasic lands you control. (If a permanent with a stun counter would become untapped, remove one from it instead.)"
Opera Love Song,Uncommon,R,{1}{R},Instant,Choose one — • Exile the top two cards of your library. You may play those cards until your next end step. • One or two target creatures each get +2/+0 until end of turn.
Overkill,Uncommon,B,{2}{B},Instant,Target creature gets -0/-9999 until end of turn.
Paladin's Arms,Common,W,{2}{W},Artifact — Equipment,"Job select (When this Equipment enters, create a 1/1 colorless Hero creature token, then attach this to it.) Equipped creature gets +2/+1, has ward {1}, and is a Knight in addition to its other types. Lightbringer and Hero's Shield — Equip {4} ({4}: Attach to target creature you control. Equip only as a sorcery.)"
Phantom Train,Uncommon,B,{3}{B},Artifact — Vehicle,Trample Sacrifice another artifact or creature: Put a +1/+1 counter on this Vehicle. It becomes a Spirit artifact creature in addition to its other types until end of turn.
Phoenix Down,Uncommon,W,{W},Artifact,"{1}{W}, {T}, Exile this artifact: Choose one — • Return target creature card with mana value 4 or less from your graveyard to the battlefield tapped. • Exile target Skeleton, Spirit, or Zombie."
Poison the Waters,Uncommon,B,{1}{B},Sorcery,Choose one — • All creatures get -1/-1 until end of turn. • Target player reveals their hand. You choose an artifact or creature card from it. That player discards that card.
Prishe's Wanderings,Common,G,{2}{G},Instant,"Search your library for a basic land card or Town card, put it onto the battlefield tapped, then shuffle. When you search your library this way, put a +1/+1 counter on target creature you control."
Prompto Argentum,Uncommon,R,{1}{R},Legendary Creature — Human Scout,"Haste Selfie Shot — Whenever you cast a noncreature spell, if at least four mana was spent to cast it, create a Treasure token."
PuPu UFO,Uncommon,Colorless,{2},Artifact Creature — Construct Alien,"Flying {T}: You may put a land card from your hand onto the battlefield. {3}: Until end of turn, this creature's base power becomes equal to the number of Towns you control."
Qiqirn Merchant,Common,U,{2}{U},Creature — Beast Citizen,"{1}, {T}: Draw a card, then discard a card. {7}, {T}, Sacrifice this creature: Draw three cards. This ability costs {1} less to activate for each Town you control."
Queen Brahne,Uncommon,R,{2}{R},Legendary Creature — Human Noble,"Prowess (Whenever you cast a noncreature spell, this creature gets +1/+1 until end of turn.) Whenever Queen Brahne attacks, create a 0/1 black Wizard creature token with ""Whenever you cast a noncreature spell, this token deals 1 damage to each opponent."""
"Quina, Qu Gourmet",Uncommon,G,{2}{G},Legendary Creature — Qu,"If one or more tokens would be created under your control, those tokens plus a 1/1 green Frog creature token are created instead. {2}, Sacrifice a Frog: Put a +1/+1 counter on Quina."
Quistis Trepe,Uncommon,U,{2}{U},Legendary Creature — Human Wizard,"Blue Magic — When Quistis Trepe enters, you may cast target instant or sorcery card from a graveyard, and mana of any type can be spent to cast that spell. If that spell would be put into a graveyard, exile it instead."
Qutrub Forayer,Common,B,{2}{B},Creature — Zombie Horror,"When this creature enters, choose one — • Destroy target creature that was dealt damage this turn. • Exile up to two target cards from a single graveyard."
"Rabanastre, Royal City",Common,RW,,Land — Town,This land enters tapped. {T}: Add {R} or {W}.
"Ragnarok, Divine Deliverance",Uncommon,BG,,Legendary Creature — Beast Avatar,"Vigilance, menace, trample, reach, haste When Ragnarok dies, destroy target permanent and return target nonlegendary permanent card from your graveyard to the battlefield."
Random Encounter,Uncommon,R,{4}{R}{R},Sorcery,"Shuffle your library, then mill four cards. Put each creature card milled this way onto the battlefield. They gain haste. At the beginning of the next end step, return those creatures to their owner's hand. Flashback {6}{R}{R} (You may cast this card from your graveyard for its flashback cost. Then exile it.)"
"Raubahn, Bull of Ala Mhigo",Rare,R,{1}{R},Legendary Creature — Human Warrior,"Ward—Pay life equal to Raubahn's power. Whenever Raubahn attacks, attach up to one target Equipment you control to target attacking creature."
Reach the Horizon,Uncommon,G,{3}{G},Sorcery,"Search your library for up to two basic land cards and/or Town cards with different names, put them onto the battlefield tapped, then shuffle."
Red Mage's Rapier,Common,R,{1}{R},Artifact — Equipment,"Job select (When this Equipment enters, create a 1/1 colorless Hero creature token, then attach this to it.) Equipped creature has ""Whenever you cast a noncreature spell, this creature gets +2/+0 until end of turn"" and is a Wizard in addition to its other types. Equip {3}"
Relentless X-ATM092,Uncommon,Colorless,{6},Artifact Creature — Robot Spider,"This creature can't be blocked except by three or more creatures. {8}: Return this card from your graveyard to the battlefield tapped with a finality counter on it. (If a creature with a finality counter on it would die, exile it instead.)"
Relm's Sketching,Uncommon,U,{2}{U}{U},Sorcery,"Create a token that's a copy of target artifact, creature, or land."
Reno and Rude,Uncommon,B,{1}{B},Legendary Creature — Human Assassin,"Menace Whenever Reno and Rude deals combat damage to a player, exile the top card of that player's library. Then you may sacrifice another creature or artifact. If you do, you may play the exiled card this turn, and mana of any type can be spent to cast it."
Resentful Revelation,Common,B,{1}{B},Sorcery,Look at the top three cards of your library. Put one of them into your hand and the rest into your graveyard. Flashback {6}{B} (You may cast this card from your graveyard for its flashback cost. Then exile it.)
Restoration Magic,Uncommon,W,{W},Instant,Tiered (Choose one additional cost.) • Cure — {0} — Target permanent gains hexproof and indestructible until end of turn. • Cura — {1} — Target permanent gains hexproof and indestructible until end of turn. You gain 3 life. • Curaga — {3}{W} — Permanents you control gain hexproof and indestructible until end of turn. You gain 6 life.
Retrieve the Esper,Common,U,{3}{U},Sorcery,"Create a 3/3 blue Robot Warrior artifact creature token. Then if this spell was cast from a graveyard, put two +1/+1 counters on that token. Flashback {5}{U} (You may cast this card from your graveyard for its flashback cost. Then exile it.)"
Ride the Shoopuf,Uncommon,G,{1}{G},Enchantment,"Landfall — Whenever a land you control enters, put a +1/+1 counter on target creature you control. {5}{G}{G}: This enchantment becomes a 7/7 Beast creature in addition to its other types."
Ring of the Lucii,Uncommon,Colorless,{4},Legendary Artifact,"{T}: Add {C}{C}. {2}, {T}, Pay 1 life: Tap target nonland permanent."
Rinoa Heartilly,Uncommon,GW,{3}{G}{W},Legendary Creature — Human Rebel Warlock,"When Rinoa Heartilly enters, create Angelo, a legendary 1/1 green and white Dog creature token. Angelo Cannon — Whenever Rinoa Heartilly attacks, another target creature you control gets +1/+1 until end of turn for each creature you control."
Rook Turret,Common,U,{3}{U},Artifact Creature — Construct,"Flying Whenever another artifact you control enters, you may draw a card. If you do, discard a card."
"Rosa, Resolute White Mage",Rare,W,{3}{W},Legendary Creature — Human Noble Cleric,"Reach (This creature can block creatures with flying.) At the beginning of combat on your turn, put a +1/+1 counter on target creature you control. It gains lifelink until end of turn. (Damage dealt by the creature also causes you to gain that much life.)"
Rufus Shinra,Uncommon,BW,{1}{W}{B},Legendary Creature — Human Noble,"Whenever Rufus Shinra attacks, if you don't control a creature named Darkstar, create Darkstar, a legendary 2/2 white and black Dog creature token."
Rydia's Return,Uncommon,G,{3}{G}{G},Sorcery,Choose one — • Creatures you control get +3/+3 until end of turn. • Return up to two target permanent cards from your graveyard to your hand.
"Rydia, Summoner of Mist",Uncommon,GR,{R}{G},Legendary Creature — Human Shaman,"Landfall — Whenever a land you control enters, you may discard a card. If you do, draw a card. Summon — {X}, {T}: Return target Saga card with mana value X from your graveyard to the battlefield with a finality counter on it. It gains haste until end of turn. Activate only as a sorcery."
Sabotender,Common,R,{1}{R},Creature — Plant,"Reach Landfall — Whenever a land you control enters, this creature deals 1 damage to each opponent."
Sage's Nouliths,Common,U,{1}{U},Artifact — Equipment,"Job select (When this Equipment enters, create a 1/1 colorless Hero creature token, then attach this to it.) Equipped creature gets +1/+0, has ""Whenever this creature attacks, untap target attacking creature,"" and is a Cleric in addition to its other types. Hagneia — Equip {3}"
Sahagin,Common,U,{1}{U},Creature — Merfolk Warrior,"Whenever you cast a noncreature spell, if at least four mana was spent to cast it, put a +1/+1 counter on this creature and it can't be blocked this turn."
Samurai's Katana,Uncommon,R,{2}{R},Artifact — Equipment,"Job select (When this Equipment enters, create a 1/1 colorless Hero creature token, then attach this to it.) Equipped creature gets +2/+2, has trample and haste, and is a Samurai in addition to its other types. Murasame — Equip {5}"
Sandworm,Uncommon,R,{4}{R},Creature — Worm,"Haste When this creature enters, destroy target land. Its controller may search their library for a basic land card, put it onto the battlefield tapped, then shuffle."
Sazh Katzroy,Rare,G,{3}{G},Legendary Creature — Human Pilot,"When Sazh Katzroy enters, you may search your library for a Bird or basic land card, reveal it, put it into your hand, then shuffle. Whenever Sazh Katzroy attacks, put a +1/+1 counter on target creature, then double the number of +1/+1 counters on that creature."
Sazh's Chocobo,Uncommon,G,{G},Creature — Bird,"Landfall — Whenever a land you control enters, put a +1/+1 counter on this creature."
Scorpion Sentinel,Common,U,{1}{U},Artifact Creature — Robot Scorpion,"As long as you control seven or more lands, this creature gets +3/+0."
Seifer Almasy,Rare,R,{3}{R},Legendary Creature — Human Knight,"Whenever a creature you control attacks alone, it gains double strike until end of turn. Fire Cross — Whenever Seifer Almasy deals combat damage to a player, you may cast target instant or sorcery card with mana value 3 or less from your graveyard without paying its mana cost. If that spell would be put into your graveyard, exile it instead."
Self-Destruct,Uncommon,R,{1}{R},Instant,"Target creature you control deals X damage to any other target and X damage to itself, where X is its power."
"Sephiroth, Fabled SOLDIER // Sephiroth, One-Winged Angel",Mythic,B,{2}{B} // ,Legendary Creature — Human Avatar Soldier // Legendary Creature — Angel Nightmare Avatar,"Whenever Sephiroth enters or attacks, you may sacrifice another creature. If you do, draw a card. Whenever another creature dies, target opponent loses 1 life and you gain 1 life. If this is the fourth time this ability has resolved this turn, transform Sephiroth. // Flying Super Nova — As this creature transforms into Sephiroth, One-Winged Angel, you get an emblem with ""Whenever a creature dies, target opponent loses 1 life and you gain 1 life."" Whenever Sephiroth attacks, you may sacrifice any number of other creatures. If you do, draw that many cards."
"Sephiroth, Planet's Heir",Mythic,BU,{4}{U}{B},Legendary Creature — Human Avatar Soldier,"Vigilance (Attacking doesn't cause this creature to tap.) When Sephiroth enters, creatures your opponents control get -2/-2 until end of turn. Whenever a creature an opponent controls dies, put a +1/+1 counter on Sephiroth."
Sephiroth's Intervention,Common,B,{3}{B},Instant,Destroy target creature. You gain 2 life.
Serah Farron // Crystallized Serah,Rare,GW,{1}{G}{W} // ,Legendary Creature — Human Citizen // Legendary Artifact,"The first legendary creature spell you cast each turn costs {2} less to cast. At the beginning of combat on your turn, if you control two or more other legendary creatures, you may transform Serah Farron. // The first legendary creature spell you cast each turn costs {2} less to cast. Legendary creatures you control get +2/+2."
Seymour Flux,Rare,B,{4}{B},Legendary Creature — Spirit Avatar,"At the beginning of your upkeep, you may pay 1 life. If you do, draw a card and put a +1/+1 counter on Seymour Flux."
Shambling Cie'th,Uncommon,B,{2}{B},Creature — Mutant Horror,"This creature enters tapped. Whenever you cast a noncreature spell, you may pay {B}. If you do, return this card from your graveyard to your hand."
"Shantotto, Tactician Magician",Uncommon,RU,{1}{U}{R},Legendary Creature — Dwarf Wizard,"Whenever you cast a noncreature spell, Shantotto gets +X/+0 until end of turn, where X is the amount of mana spent to cast that spell. If X is 4 or more, draw a card."
"Sharlayan, Nation of Scholars",Common,UW,,Land — Town,This land enters tapped. {T}: Add {W} or {U}.
Shinra Reinforcements,Common,B,{2}{B},Creature — Human Soldier,"When this creature enters, mill three cards and you gain 3 life. (To mill three cards, put the top three cards of your library into your graveyard.)"
Sidequest: Card Collection // Magicked Card,Uncommon,U,{3}{U} // ,Enchantment // Artifact — Vehicle,"When this enchantment enters, draw three cards, then discard two cards. At the beginning of your end step, if eight or more cards are in your graveyard, transform this enchantment. // Flying Crew 1 (Tap any number of creatures you control with total power 1 or more: This Vehicle becomes an artifact creature until end of turn.)"
Sidequest: Catch a Fish // Cooking Campsite,Uncommon,W,{2}{W} // ,Enchantment // Land,"At the beginning of your upkeep, look at the top card of your library. If it's an artifact or creature card, you may reveal it and put it into your hand. If you put a card into your hand this way, create a Food token and transform this enchantment. // {T}: Add {W}. {3}, {T}, Sacrifice an artifact: Put a +1/+1 counter on each creature you control. Activate only as a sorcery."
"Sidequest: Hunt the Mark // Yiazmat, Ultimate Mark",Uncommon,B,{3}{B}{B} // ,Enchantment // Legendary Creature — Dragon,"When this enchantment enters, destroy up to one target creature. At the beginning of your end step, if a creature died under an opponent's control this turn, create a Treasure token. Then if you control three or more Treasures, transform this enchantment. // {1}{B}, Sacrifice another creature or artifact: Yiazmat gains indestructible until end of turn. Tap it."
"Sidequest: Play Blitzball // World Champion, Celestial Weapon",Uncommon,R,{2}{R} // ,Enchantment // Legendary Artifact — Equipment,"At the beginning of combat on your turn, target creature you control gets +2/+0 until end of turn. At the end of combat on your turn, if a player was dealt 6 or more combat damage this turn, transform this enchantment, then attach it to a creature you control. // Double Overdrive — Equipped creature gets +2/+0 and has double strike. Equip {3} ({3}: Attach to target creature you control. Equip only as a sorcery.)"
Sidequest: Raise a Chocobo // Black Chocobo,Uncommon,G,{1}{G} // ,Enchantment // Creature — Bird,"When this enchantment enters, create a 2/2 green Bird creature token with ""Whenever a land you control enters, this token gets +1/+0 until end of turn."" At the beginning of your first main phase, if you control four or more Birds, transform this enchantment. // When this permanent transforms into Black Chocobo, search your library for a land card, put it onto the battlefield tapped, then shuffle. Landfall — Whenever a land you control enters, Birds you control get +1/+0 until end of turn."
"Sin, Spira's Punishment",Rare,BGU,{4}{B}{G}{U},Legendary Creature — Leviathan Avatar,"Flying Whenever Sin enters or attacks, exile a permanent card from your graveyard at random, then create a tapped token that's a copy of that card. If the exiled card is a land card, repeat this process."
Slash of Light,Common,W,{1}{W},Instant,Slash of Light deals damage equal to the number of creatures you control plus the number of Equipment you control to target creature.
Sleep Magic,Uncommon,U,{U},Enchantment — Aura,"Enchant creature When this Aura enters, tap enchanted creature. Enchanted creature doesn't untap during its controller's untap step. When enchanted creature is dealt damage, sacrifice this Aura."
Snow Villiers,Uncommon,W,{2}{W},Legendary Creature — Human Rebel Monk,Vigilance Snow Villiers's power is equal to the number of creatures you control.
Sorceress's Schemes,Uncommon,R,{3}{R},Sorcery,Return target instant or sorcery card from your graveyard or exiled card with flashback you own to your hand. Add {R}. Flashback {4}{R} (You may cast this card from your graveyard for its flashback cost. Then exile it.)
"Squall, SeeD Mercenary",Rare,BW,{2}{W}{B},Legendary Creature — Human Knight Mercenary,"Rough Divide — Whenever a creature you control attacks alone, it gains double strike until end of turn. Whenever Squall deals combat damage to a player, return target permanent card with mana value 3 or less from your graveyard to the battlefield."
Starting Town,Rare,Colorless,,Land — Town,"This land enters tapped unless it's your first, second, or third turn of the game. {T}: Add {C}. {T}, Pay 1 life: Add one mana of any color."
"Stiltzkin, Moogle Merchant",Rare,W,{W},Legendary Creature — Moogle,"Lifelink {2}, {T}: Target opponent gains control of another target permanent you control. If they do, you draw a card."
Stolen Uniform,Uncommon,U,{U},Instant,"Choose target creature you control and target Equipment. Gain control of that Equipment until end of turn. Attach it to the chosen creature. When you lose control of that Equipment this turn, if it's attached to a creature you control, unattach it."
Stuck in Summoner's Sanctum,Common,U,{2}{U},Enchantment — Aura,"Flash Enchant artifact or creature When this Aura enters, tap enchanted permanent. Enchanted permanent doesn't untap during its controller's untap step and its activated abilities can't be activated."
Summon: Anima,Uncommon,B,{4}{B}{B},Enchantment Creature — Saga Horror,"(As this Saga enters and after your draw step, add a lore counter. Sacrifice after IV.) I, II, III — Pain — You draw a card and you lose 1 life. IV — Oblivion — Each opponent sacrifices a creature of their choice and loses 3 life. Menace"
Summon: Bahamut,Mythic,Colorless,{9},Enchantment Creature — Saga Dragon,"(As this Saga enters and after your draw step, add a lore counter. Sacrifice after IV.) I, II — Destroy up to one target nonland permanent. III — Draw two cards. IV — Mega Flare — This creature deals damage equal to the total mana value of other permanents you control to each opponent. Flying"
Summon: Brynhildr,Rare,R,{1}{R},Enchantment Creature — Saga Knight,"(As this Saga enters and after your draw step, add a lore counter. Sacrifice after III.) I — Chain — Exile the top card of your library. During any turn you put a lore counter on this Saga, you may play that card. II, III — Gestalt Mode — When you next cast a creature spell this turn, it gains haste until end of turn."
Summon: Choco/Mog,Common,W,{2}{W},Enchantment Creature — Saga Bird Moogle,"(As this Saga enters and after your draw step, add a lore counter. Sacrifice after IV.) I, II, III, IV — Stampede! — Other creatures you control get +1/+0 until end of turn."
Summoner's Grimoire,Rare,G,{3}{G},Artifact — Equipment,"Job select Equipped creature is a Shaman in addition to its other types and has ""Whenever this creature attacks, you may put a creature card from your hand onto the battlefield. If that card is an enchantment card, it enters tapped and attacking."" Abraxas — Equip {3}"
Summon: Esper Ramuh,Uncommon,R,{2}{R}{R},Enchantment Creature — Saga Wizard,"(As this Saga enters and after your draw step, add a lore counter. Sacrifice after III.) I — Judgment Bolt — This creature deals damage equal to the number of noncreature, nonland cards in your graveyard to target creature an opponent controls. II, III — Wizards you control get +1/+0 until end of turn."
Summon: Fat Chocobo,Common,G,{4}{G},Enchantment Creature — Saga Bird,"(As this Saga enters and after your draw step, add a lore counter. Sacrifice after IV.) I — Wark — Create a 2/2 green Bird creature token with ""Whenever a land you control enters, this token gets +1/+0 until end of turn."" II, III, IV — Kerplunk — Creatures you control gain trample until end of turn."
Summon: Fenrir,Uncommon,G,{2}{G},Enchantment Creature — Saga Wolf,"(As this Saga enters and after your draw step, add a lore counter. Sacrifice after III.) I — Crescent Fang — Search your library for a basic land card, put it onto the battlefield tapped, then shuffle. II — Heavenward Howl — When you next cast a creature spell this turn, that creature enters with an additional +1/+1 counter on it. III — Ecliptic Growl — Draw a card if you control the creature with the greatest power or tied for the greatest power."
Summon: G.F. Cerberus,Rare,R,{2}{R}{R},Enchantment Creature — Saga Dog,"(As this Saga enters and after your draw step, add a lore counter. Sacrifice after III.) I — Surveil 1. (Look at the top card of your library. You may put it into your graveyard.) II — Double — When you next cast an instant or sorcery spell this turn, copy it. You may choose new targets for the copy. III — Triple — When you next cast an instant or sorcery spell this turn, copy it twice. You may choose new targets for the copies."
Summon: G.F. Ifrit,Common,R,{2}{R},Enchantment Creature — Saga Demon,"(As this Saga enters and after your draw step, add a lore counter. Sacrifice after IV.) I, II — You may discard a card. If you do, draw a card. III, IV — Add {R}."
Summon: Knights of Round,Mythic,W,{6}{W}{W},Enchantment Creature — Saga Knight,"(As this Saga enters and after your draw step, add a lore counter. Sacrifice after V.) I, II, III, IV — Create three 2/2 white Knight creature tokens. V — Ultimate End — Other creatures you control get +2/+2 until end of turn. Put an indestructible counter on each of them. Indestructible"
Summon: Leviathan,Rare,U,{4}{U}{U},Enchantment Creature — Saga Leviathan,"(As this Saga enters and after your draw step, add a lore counter. Sacrifice after III.) I — Return each creature that isn't a Kraken, Leviathan, Merfolk, Octopus, or Serpent to its owner's hand. II, III — Until end of turn, whenever a Kraken, Leviathan, Merfolk, Octopus, or Serpent attacks, draw a card. Ward {2}"
Summon: Primal Garuda,Uncommon,W,{3}{W},Enchantment Creature — Saga Harpy,"(As this Saga enters and after your draw step, add a lore counter. Sacrifice after III.) I — Aerial Blast — This creature deals 4 damage to target tapped creature an opponent controls. II, III — Slipstream — Another target creature you control gets +1/+0 and gains flying until end of turn. Flying"
Summon: Primal Odin,Rare,B,{4}{B}{B},Enchantment Creature — Saga Knight,"(As this Saga enters and after your draw step, add a lore counter. Sacrifice after III.) I — Gungnir — Destroy target creature an opponent controls. II — Zantetsuken — This creature gains ""Whenever this creature deals combat damage to a player, that player loses the game."" III — Hall of Sorrow — Draw two cards. Each player loses 2 life."
Summon: Shiva,Uncommon,U,{3}{U}{U},Enchantment Creature — Saga Elemental,"(As this Saga enters and after your draw step, add a lore counter. Sacrifice after III.) I, II — Heavenly Strike — Tap target creature an opponent controls. Put a stun counter on it. (If a permanent with a stun counter would become untapped, remove one from it instead.) III — Diamond Dust — Draw a card for each tapped creature your opponents control."
Summon: Titan,Rare,G,{3}{G}{G},Enchantment Creature — Saga Giant,"(As this Saga enters and after your draw step, add a lore counter. Sacrifice after III.) I — Mill five cards. II — Return all land cards from your graveyard to the battlefield tapped. III — Until end of turn, another target creature you control gains trample and gets +X/+X, where X is the number of lands you control. Reach, trample"
Suplex,Common,R,{1}{R},Sorcery,"Choose one — • Suplex deals 3 damage to target creature. If that creature would die this turn, exile it instead. • Exile target artifact."
Swallowed by Leviathan,Uncommon,U,{2}{U},Instant,"Choose target spell. Surveil 2, then counter the chosen spell unless its controller pays {1} for each card in your graveyard. (To surveil 2, look at the top two cards of your library, then put any number of them into your graveyard and the rest on top of your library in any order.)"
Syncopate,Common,U,{X}{U},Instant,"Counter target spell unless its controller pays {X}. If that spell is countered this way, exile it instead of putting it into its owner's graveyard."
"Tellah, Great Sage",Rare,RU,{3}{U}{R},Legendary Creature — Human Wizard,"Whenever you cast a noncreature spell, create a 1/1 colorless Hero creature token. If four or more mana was spent to cast that spell, draw two cards. If eight or more mana was spent to cast that spell, sacrifice Tellah and it deals that much damage to each opponent."
"Terra, Magical Adept // Esper Terra",Mythic,BGRUW,{1}{R}{G} // ,Legendary Creature — Human Wizard Warrior // Legendary Enchantment Creature — Saga Wizard,"When Terra enters, mill five cards. Put up to one enchantment card milled this way into your hand. Trance — {4}{R}{G}, {T}: Exile Terra, then return it to the battlefield transformed under its owner's control. Activate only as a sorcery. // (As this Saga enters and after your draw step, add a lore counter.) I, II, III — Create a token that's a copy of target nonlegendary enchantment you control. It gains haste. If it's a Saga, put up to three lore counters on it. Sacrifice it at the beginning of your next end step. IV — Add {W}{W}, {U}{U}, {B}{B}, {R}{R}, and {G}{G}. Exile Esper Terra, then return it to the battlefield (front face up). Flying"
The Crystal's Chosen,Uncommon,W,{5}{W}{W},Sorcery,Create four 1/1 colorless Hero creature tokens. Then put a +1/+1 counter on each creature you control.
The Darkness Crystal,Rare,B,{2}{B}{B},Legendary Artifact,"Black spells you cast cost {1} less to cast. If a nontoken creature an opponent controls would die, instead exile it and you gain 2 life. {4}{B}{B}, {T}: Put target creature card exiled with The Darkness Crystal onto the battlefield tapped under your control with two additional +1/+1 counters on it."
The Earth Crystal,Rare,G,{2}{G}{G},Legendary Artifact,"Green spells you cast cost {1} less to cast. If one or more +1/+1 counters would be put on a creature you control, twice that many +1/+1 counters are put on that creature instead. {4}{G}{G}, {T}: Distribute two +1/+1 counters among one or two target creatures you control."
The Emperor of Palamecia // The Lord Master of Hell,Uncommon,RU,{U}{R} // ,Legendary Creature — Human Noble Wizard // Legendary Creature — Demon Noble Wizard,"{T}: Add {U} or {R}. Spend this mana only to cast a noncreature spell. Whenever you cast a noncreature spell, if at least four mana was spent to cast it, put a +1/+1 counter on The Emperor of Palamecia. Then if it has three or more +1/+1 counters on it, transform it. // Starfall — Whenever The Lord Master of Hell attacks, it deals X damage to each opponent, where X is the number of noncreature, nonland cards in your graveyard."
The Final Days,Uncommon,B,{2}{B}{B},Sorcery,"Create two tapped 2/2 black Horror creature tokens. If this spell was cast from a graveyard, instead create X of those tokens, where X is the number of creature cards in your graveyard. Flashback {4}{B}{B} (You may cast this card from your graveyard for its flashback cost. Then exile it.)"
The Fire Crystal,Rare,R,{2}{R}{R},Legendary Artifact,"Red spells you cast cost {1} less to cast. Creatures you control have haste. {4}{R}{R}, {T}: Create a token that's a copy of target creature you control. Sacrifice it at the beginning of the next end step."
The Gold Saucer,Uncommon,Colorless,,Land — Town,"{T}: Add {C}. {2}, {T}: Flip a coin. If you win the flip, create a Treasure token. {3}, {T}, Sacrifice two artifacts: Draw a card."
The Lunar Whale,Rare,U,{3}{U},Legendary Artifact — Vehicle,"Flying You may look at the top card of your library any time. As long as The Lunar Whale attacked this turn, you may play the top card of your library. Crew 1"
The Masamune,Rare,Colorless,{3},Legendary Artifact — Equipment,"As long as equipped creature is attacking, it has first strike and must be blocked if able. Equipped creature has ""If a creature dying causes a triggered ability of this creature or an emblem you own to trigger, that ability triggers an additional time."" Equip {2}"
The Prima Vista,Uncommon,U,{4}{U},Legendary Artifact — Vehicle,"Flying Whenever you cast a noncreature spell, if at least four mana was spent to cast it, The Prima Vista becomes an artifact creature until end of turn. Crew 2 (Tap any number of creatures you control with total power 2 or more: This Vehicle becomes an artifact creature until end of turn.)"
The Regalia,Rare,Colorless,{4},Legendary Artifact — Vehicle,"Haste Whenever The Regalia attacks, reveal cards from the top of your library until you reveal a land card. Put that card onto the battlefield tapped and the rest on the bottom of your library in a random order. Crew 1"
The Wandering Minstrel,Rare,BGRUW,{G}{U},Legendary Creature — Human Bard,"Lands you control enter untapped. The Minstrel's Ballad — At the beginning of combat on your turn, if you control five or more Towns, create a 2/2 Elemental creature token that's all colors. {3}{W}{U}{B}{R}{G}: Other creatures you control get +X/+X until end of turn, where X is the number of Towns you control."
The Water Crystal,Rare,U,{2}{U}{U},Legendary Artifact,"Blue spells you cast cost {1} less to cast. If an opponent would mill one or more cards, they mill that many cards plus four instead. {4}{U}{U}, {T}: Each opponent mills cards equal to the number of cards in your hand."
The Wind Crystal,Rare,W,{2}{W}{W},Legendary Artifact,"White spells you cast cost {1} less to cast. If you would gain life, you gain twice that much life instead. {4}{W}{W}, {T}: Creatures you control gain flying and lifelink until end of turn."
Thief's Knife,Uncommon,U,{2}{U},Artifact — Equipment,"Job select (When this Equipment enters, create a 1/1 colorless Hero creature token, then attach this to it.) Equipped creature gets +1/+1, has ""Whenever this creature deals combat damage to a player, draw a card,"" and is a Rogue in addition to its other types. Equip {4}"
Thunder Magic,Common,R,{R},Instant,Tiered (Choose one additional cost.) • Thunder — {0} — Thunder Magic deals 2 damage to target creature. • Thundara — {3} — Thunder Magic deals 4 damage to target creature. • Thundaga — {5}{R} — Thunder Magic deals 8 damage to target creature.
"Tidus, Blitzball Star",Uncommon,UW,{1}{W}{U},Legendary Creature — Human Warrior,"Whenever an artifact you control enters, put a +1/+1 counter on Tidus. Whenever Tidus attacks, tap target creature an opponent controls."
Tifa Lockhart,Rare,G,{1}{G},Legendary Creature — Human Monk,"Trample Landfall — Whenever a land you control enters, double Tifa Lockhart's power until end of turn."
Tifa's Limit Break,Uncommon,G,{G},Instant,Tiered (Choose one additional cost.) • Somersault — {0} — Target creature gets +2/+2 until end of turn. • Meteor Strikes — {2} — Double target creature's power and toughness until end of turn. • Final Heaven — {6}{G} — Triple target creature's power and toughness until end of turn.
Tonberry,Uncommon,B,{B},Creature — Salamander Horror,"This creature enters tapped with a stun counter on it. (If it would become untapped, remove a stun counter from it instead.) Chef's Knife — During your turn, this creature has first strike and deathtouch."
"Torgal, A Fine Hound",Uncommon,G,{1}{G},Legendary Creature — Wolf,"Whenever you cast your first Human creature spell each turn, that creature enters with an additional +1/+1 counter on it for each Dog and/or Wolf you control. {T}: Add one mana of any color."
Town Greeter,Common,G,{1}{G},Creature — Human Citizen,"When this creature enters, mill four cards. You may put a land card from among them into your hand. If you put a Town card into your hand this way, you gain 2 life. (To mill four cards, a player puts the top four cards of their library into their graveyard.)"
Traveling Chocobo,Mythic,G,{2}{G},Creature — Bird,"You may look at the top card of your library any time. You may play lands and cast Bird spells from the top of your library. If a land or Bird you control entering the battlefield causes a triggered ability of a permanent you control to trigger, that ability triggers an additional time."
Travel the Overworld,Uncommon,U,{5}{U}{U},Sorcery,Affinity for Towns (This spell costs {1} less to cast for each Town you control.) Draw four cards.
"Treno, Dark City",Common,BU,,Land — Town,This land enters tapped. {T}: Add {U} or {B}.
Triple Triad,Rare,R,{3}{R}{R}{R},Enchantment,"At the beginning of your upkeep, each player exiles the top card of their library. Until end of turn, you may play the card you own exiled this way and each other card exiled this way with lesser mana value than it without paying their mana costs."
Ultima,Rare,W,{3}{W}{W},Sorcery,"Destroy all artifacts and creatures. End the turn. (Exile all spells and abilities from the stack, including this card. The player whose turn it is discards down to their maximum hand size. Damage wears off, and ""this turn"" and ""until end of turn"" effects end.)"
"Ultima, Origin of Oblivion",Rare,Colorless,{5},Legendary Creature — God,"Flying Whenever Ultima attacks, put a blight counter on target land. For as long as that land has a blight counter on it, it loses all land types and abilities and has ""{T}: Add {C}."" Whenever you tap a land for {C}, add an additional {C}."
Ultima Weapon,Rare,Colorless,{7},Legendary Artifact — Equipment,"Whenever equipped creature attacks, destroy target creature an opponent controls. Equipped creature gets +7/+7. Equip {7}"
"Ultimecia, Temporal Threat",Rare,U,{4}{U}{U},Legendary Creature — Human Warlock,"When Ultimecia enters, tap all creatures your opponents control. Whenever a creature you control deals combat damage to a player, draw a card."
"Ultimecia, Time Sorceress // Ultimecia, Omnipotent",Uncommon,BU,{3}{U}{B} // ,Legendary Creature — Human Warlock // Legendary Creature — Nightmare Warlock,"Whenever Ultimecia enters or attacks, surveil 2. (Look at the top two cards of your library, then put any number of them into your graveyard and the rest on top of your library in any order.) At the beginning of your end step, you may pay {4}{U}{U}{B}{B} and exile eight cards from your graveyard. If you do, transform Ultimecia. // Menace (This creature can't be blocked except by two or more creatures.) Time Compression — When this creature transforms into Ultimecia, Omnipotent, take an extra turn after this one."
"Ultros, Obnoxious Octopus",Uncommon,U,{1}{U},Legendary Creature — Octopus,"Whenever you cast a noncreature spell, if at least four mana was spent to cast it, tap target creature an opponent controls and put a stun counter on it. (If a permanent with a stun counter would become untapped, remove one from it instead.) Whenever you cast a noncreature spell, if at least eight mana was spent to cast it, put eight +1/+1 counters on Ultros."
Undercity Dire Rat,Common,B,{1}{B},Creature — Rat,"Rat Tail — When this creature dies, create a Treasure token. (It's an artifact with ""{T}, Sacrifice this token: Add one mana of any color."")"
Unexpected Request,Uncommon,R,{2}{R},Sorcery,"Gain control of target creature until end of turn. Untap that creature. It gains haste until end of turn. You may attach an Equipment you control to that creature. If you do, unattach it at the beginning of the next end step."
"Vaan, Street Thief",Rare,R,{2}{R},Legendary Creature — Human Scout,"Whenever one or more Scouts, Pirates, and/or Rogues you control deal combat damage to a player, exile the top card of that player's library. You may cast it. If you don't, create a Treasure token. Whenever you cast a spell you don't own, put a +1/+1 counter on each Scout, Pirate, and Rogue you control."
Valkyrie Aerial Unit,Uncommon,U,{5}{U}{U},Artifact Creature — Construct,"Affinity for artifacts (This spell costs {1} less to cast for each artifact you control.) Flying When this creature enters, surveil 2. (Look at the top two cards of your library, then put any number of them into your graveyard and the rest on top of your library in any order.)"
"Vanille, Cheerful l'Cie",Uncommon,BG,{3}{G},Legendary Creature — Human Cleric,"When Vanille enters, mill two cards, then return a permanent card from your graveyard to your hand. At the beginning of your first main phase, if you both own and control Vanille and a creature named Fang, Fearless l'Cie, you may pay {3}{B}{G}. If you do, exile them, then meld them into Ragnarok, Divine Deliverance."
Vayne's Treachery,Common,B,{1}{B},Instant,"Kicker—Sacrifice an artifact or creature. (You may sacrifice an artifact or creature in addition to any other costs as you cast this spell.) Target creature gets -2/-2 until end of turn. If this spell was kicked, that creature gets -6/-6 until end of turn instead."
"Vector, Imperial Capital",Common,BR,,Land — Town,This land enters tapped. {T}: Add {B} or {R}.
"Venat, Heart of Hydaelyn // Hydaelyn, the Mothercrystal",Rare,W,{1}{W}{W} // ,Legendary Creature — Elder Wizard // Legendary Creature — God,"Whenever you cast a legendary spell, draw a card. This ability triggers only once each turn. Hero's Sundering — {7}, {T}: Exile target nonland permanent. Transform Venat. Activate only as a sorcery. // Indestructible Blessing of Light — At the beginning of combat on your turn, put a +1/+1 counter on another target creature you control. Until your next turn, it gains indestructible. If that creature is legendary, draw a card."
Vincent's Limit Break,Common,B,{1}{B},Instant,"Tiered (Choose one additional cost.) Until end of turn, target creature you control gains ""When this creature dies, return it to the battlefield tapped under its owner's control"" and has the chosen base power and toughness. • Galian Beast — {0} — 3/2. • Death Gigas — {1} — 5/2. • Hellmasker — {3} — 7/2."
Vincent Valentine // Galian Beast,Rare,B,{2}{B}{B} // ,Legendary Creature — Assassin // Legendary Creature — Werewolf Beast,"Whenever a creature an opponent controls dies, put a number of +1/+1 counters on Vincent Valentine equal to that creature's power. Whenever Vincent Valentine attacks, you may transform it. // Trample, lifelink When Galian Beast dies, return it to the battlefield tapped (front face up)."
Vivi Ornitier,Mythic,RU,{1}{U}{R},Legendary Creature — Wizard,"{0}: Add X mana in any combination of {U} and/or {R}, where X is Vivi Ornitier's power. Activate only during your turn and only once each turn. Whenever you cast a noncreature spell, put a +1/+1 counter on Vivi Ornitier and it deals 1 damage to each opponent."
Warrior's Sword,Common,R,{3}{R},Artifact — Equipment,"Job select (When this Equipment enters, create a 1/1 colorless Hero creature token, then attach this to it.) Equipped creature gets +3/+2 and is a Warrior in addition to its other types. Equip {5} ({5}: Attach to target creature you control. Equip only as a sorcery.)"
Wastes,Common,Colorless,,Basic Land,{T}: Add {C}.
Weapons Vendor,Common,W,{3}{W},Creature — Human Artificer,"When this creature enters, draw a card. At the beginning of combat on your turn, if you control an Equipment, you may pay {1}. When you do, attach target Equipment you control to target creature you control."
White Auracite,Common,W,{2}{W}{W},Artifact,"When this artifact enters, exile target nonland permanent an opponent controls until this artifact leaves the battlefield. {T}: Add {W}."
White Mage's Staff,Common,W,{1}{W},Artifact — Equipment,"Job select (When this Equipment enters, create a 1/1 colorless Hero creature token, then attach this to it.) Equipped creature gets +1/+1, has ""Whenever this creature attacks, you gain 1 life,"" and is a Cleric in addition to its other types. Equip {3} ({3}: Attach to target creature you control. Equip only as a sorcery.)"
"Windurst, Federation Center",Common,GW,,Land — Town,This land enters tapped. {T}: Add {G} or {W}.
World Map,Common,Colorless,{1},Artifact,"{1}, {T}, Sacrifice this artifact: Search your library for a basic land card, reveal it, put it into your hand, then shuffle. {3}, {T}, Sacrifice this artifact: Search your library for a land card, reveal it, put it into your hand, then shuffle."
"Xande, Dark Mage",Rare,BU,{2}{U}{B},Legendary Creature — Human Wizard,"Menace (This creature can't be blocked except by two or more creatures.) Xande gets +1/+1 for each noncreature, nonland card in your graveyard."
You're Not Alone,Common,W,{W},Instant,"Target creature gets +2/+2 until end of turn. If you control three or more creatures, it gets +4/+4 until end of turn instead."
Y'shtola Rhul,Mythic,U,{4}{U}{U},Legendary Creature — Cat Druid,"At the beginning of your end step, exile target creature you control, then return it to the battlefield under its owner's control. Then if it's the first end step of the turn, there is an additional end step after this step."
"Yuna, Hope of Spira",Mythic,GW,{3}{G}{W},Legendary Creature — Human Cleric,"During your turn, Yuna and enchantment creatures you control have trample, lifelink, and ward {2}. At the beginning of your end step, return up to one target enchantment card from your graveyard to the battlefield with a finality counter on it. (If a permanent with a finality counter on it would be put into a graveyard from the battlefield, exile it instead.)"
Zack Fair,Uncommon,W,{W},Legendary Creature — Human Soldier,"Zack Fair enters with a +1/+1 counter on it. {1}, Sacrifice Zack Fair: Target creature you control gains indestructible until end of turn. Put Zack Fair's counters on that creature and attach an Equipment that was attached to Zack Fair to that creature."
"Zanarkand, Ancient Metropolis // Lasting Fayth",Rare,G,{4}{G}{G},Land — Town // Sorcery — Adventure,This land enters tapped. {T}: Add {G}. // Create a 1/1 colorless Hero creature token. Put a +1/+1 counter on it for each land you control. (Then exile this card. You may play the land later from exile.)
Zell Dincht,Rare,R,{2}{R},Legendary Creature — Human Monk,"You may play an additional land on each of your turns. Zell Dincht gets +1/+0 for each land you control. At the beginning of your end step, return a land you control to its owner's hand."
"Zenos yae Galvus // Shinryu, Transcendent Rival",Rare,B,{3}{B}{B} // ,Legendary Creature — Human Noble Warrior // Legendary Creature — Dragon,"My First Friend — When Zenos yae Galvus enters, choose a creature an opponent controls. Until end of turn, creatures other than Zenos yae Galvus and the chosen creature get -2/-2. When the chosen creature leaves the battlefield, transform Zenos yae Galvus. // Flying As this creature transforms into Shinryu, choose an opponent. Burning Chains — When the chosen player loses the game, you win the game."
"Zidane, Tantalus Thief",Uncommon,RW,{3}{R}{W},Legendary Creature — Human Mutant Scout,"When Zidane enters, gain control of target creature an opponent controls until end of turn. Untap it. It gains lifelink and haste until end of turn. Whenever an opponent gains control of a permanent from you, you create a Treasure token."
"Zodiark, Umbral God",Rare,B,{B}{B}{B}{B}{B},Legendary Creature — God,"Indestructible When Zodiark enters, each player sacrifices half the non-God creatures they control of their choice, rounded down. Whenever a player sacrifices another creature, put a +1/+1 counter on Zodiark."
