Name,Rarity,Color Identity,AH_AI_Rating,AH_Pro_Rating,AH_Comment,17L_# GD,17L_# GIH,17L_# GNS,17L_# GP,17L_# OH,17L_# Picked,17L_# Seen,17L_% GP,17L_ALSA,17L_ATA,17L_Color,17L_GD WR,17L_GIH WR,17L_GNS WR,17L_GP WR,17L_IWD,17L_OH WR,17L_Rarity
"Aatchik, Emerald Radian",Rare,BG,4.6,5,"You're not going to have much of a problem getting 3 tokens out of this, and that's absurd. It's just so many bodies out of a single card, and the ceiling is far higher than that.",12991,21343,28219,50059,8352,9905,21864,82.3%,2.44,2.43,BG,61.3%,58.3%,54.7%,56.4%,3.6pp,53.7%,R
Adrenaline Jockey,Uncommon,R,2.6,3,"This has a decent baseline, and getting counters on it isn't a big challenge. Keep in mind the 4 damage ability is symmetrical, though.",12977,22323,31557,53928,9346,14545,109659,62.7%,4.79,6.82,R,51.1%,51.3%,53.2%,52.4%,-2.0pp,51.4%,U
Aetherjacket,Common,Colorless,1.8,2,"The stats aren't great, but they are kind of okay, and being able to destroy Artifacts is some reall utility.",19554,33211,44122,77618,13657,37162,351167,35.1%,6.60,10.01,,52.0%,50.9%,51.8%,51.4%,-0.9pp,49.3%,C
Aether Syphon,Uncommon,U,3.2,0,"This is just too slow to ever be worthwhile. Drawing cards is nice, but not when you have to spend this much for it, and while it has Max Speed, it doesn't help you get it at all.",27100,43744,51960,97587,16644,22995,100245,70.7%,4.57,5.64,U,57.9%,55.9%,52.2%,54.2%,3.6pp,52.6%,U
Afterburner Expert,Rare,G,4.7,5,"This can easily become a 6/4, and it can also very easily return to the graveyard since green has so much Exhaust. This thing coming back even once is usually going to spell doom for your opponent. The value is just insane.",13553,23469,31344,55125,9916,9770,15488,91.3%,1.69,1.68,G,58.1%,59.1%,55.0%,56.8%,4.1pp,60.4%,R
Agonasaur Rex,Rare,G,4.8,4.5,"The combat trick mode is going to be really good in all kinds of situations and give you a 2-for-1 whether you win combat with it or blank removal, and obviously a 5-mana 8/8 trampler is an imposing board presence.",14900,25023,33060,58631,10123,9849,13477,93.7%,1.48,1.46,G,64.9%,64.3%,54.2%,58.7%,10.0pp,63.4%,R
Air Response Unit,Uncommon,W,2.2,2.5,This is easy to crew and quite good on offense and defense.,8823,15115,21453,36671,6292,12995,120134,47.5%,5.53,8.23,W,51.1%,51.1%,52.7%,52.0%,-1.6pp,51.0%,U
Alacrian Armory,Uncommon,W,2.4,1.0 // 2.5,"This is a little bit too all on in the Mounts/Vehicles thing to consistently be good, but in the right deck it's a solid inclusion.",3758,6531,9170,15905,2773,11800,124263,23.0%,6.15,9.65,W,47.3%,46.5%,50.5%,49.0%,-4.1pp,45.4%,U
Alacrian Jaguar,Common,G,1.3,2,"The base stats are bad, but it can very easily attack as a 6/6 with Vigilance, and that's not really a creature that can be ignored.",16118,27345,39492,67201,11227,40690,350650,27.3%,7.03,10.46,G,51.1%,50.7%,53.8%,52.6%,-3.1pp,50.3%,C
Amonkhet Raceway,Uncommon,Colorless,1.7,1.5,"Starting your engines early is good, but doing significant damage to your mana base isn't worth it, especially when the Max Speed upside is so mediocre.",5007,8550,12112,20692,3543,15640,150051,22.0%,7.29,10.97,,52.9%,52.1%,54.4%,53.5%,-2.3pp,51.1%,U
Ancient Vendetta,Uncommon,B,0.8,0,"This type of card usually does nothing in Limited, and even when it does something, it isn't worth the mana or not adding to the board.",49,76,120,196,27,18847,156936,0.2%,8.67,12.30,B,,,,,,,U
Apocalypse Runner,Uncommon,BR,2.3,2.5,"This is a pretty clunky vehicle, but the activated ability can help you get max speed while also wreaking havoc on a race thanks to lifelink.",10893,18260,25599,44054,7367,17931,125455,41.0%,5.87,8.15,BR,54.8%,53.6%,53.5%,53.5%,0.1pp,51.8%,U
Autarch Mammoth,Uncommon,G,4.2,4,"6 mana is kind of a lot, but this certainly delivers with a 5/5 and 3/3 body, and you might even get more 3/3s!",35203,59023,80893,142094,23820,24697,57925,92.8%,2.59,2.86,G,59.6%,58.3%,55.7%,56.9%,2.7pp,56.5%,U
Avishkar Raceway,Common,Colorless,1.5,1.5,"Starting your engines as early as turn one can be nice, but it's not really worth damaging your mana base.",20215,33224,44892,78300,13009,40865,364626,31.9%,7.66,11.18,,53.1%,52.8%,53.5%,53.2%,-0.8pp,52.2%,C
Back on Track,Uncommon,B,3.3,2,"This has some potential in this format, but the set up is a big deal and even with the Pilot tacked on you're not guaranteed to get your mana's worth.",30600,49922,66530,116943,19322,24865,93785,76.9%,4.02,4.90,B,59.5%,57.8%,54.7%,56.1%,3.0pp,55.1%,U
"Basri, Tomorrow's Champion",Rare,W,4.3,4,"He's great on turn one, and once he can't attack any more he spits out a nice token every other turn. The cycling mode won't come up a ton in Limited, but it's upside on an already very powerful card.",9179,15873,21510,37848,6694,7801,24234,80.4%,2.51,2.73,W,53.9%,57.3%,53.2%,55.1%,4.0pp,61.9%,R
Beastrider Vanguard,Common,G,3.2,2,"This is a decent two drop, and the ability might be a little more accessible than in most formats since there are several cards that produce mana for abilities. However, only hitting a land with the ability is a very real outcome.",74665,130306,178762,310301,55641,58334,282556,86.2%,4.83,6.50,G,56.7%,56.3%,56.3%,56.3%,-0.0pp,55.8%,C
Bestow Greatness,Common,G,2,2,"This has some serious blowout potential, but it's a little bit too expensive to be a great trick.",35923,60503,88351,149093,24580,52421,347834,46.3%,6.85,9.63,G,57.8%,55.7%,55.7%,55.7%,0.0pp,52.8%,C
Bleachbone Verge,Rare,BW,3.4,3,"These offer excellent fixing which you can use to make your mana base more consistent in a two-color deck, or to help you splash.",6526,11391,15164,26631,4865,8054,51792,54.6%,4.14,6.10,,54.9%,54.7%,53.6%,54.1%,1.2pp,54.5%,R
Bloodfell Caves,Common,BR,2.6,2.5,"Gaining a bit of life helps make up for the fact that these always enter tapped, and they are pretty good at fixing your mana.",21768,38721,52005,90890,16953,28906,179373,51.8%,6.62,9.32,,52.4%,54.0%,54.1%,54.1%,-0.1pp,56.2%,C
Bloodghast,Rare,B,3.3,2.5,"It's nice it comes back for free so easily, but a 2/1 that can't block has limited uses in this Limited format.",3346,5808,8363,14172,2462,5326,41023,44.6%,4.07,5.91,B,49.1%,49.0%,53.4%,51.6%,-4.4pp,48.9%,R
Blossoming Sands,Common,GW,2.3,2.5,"Gaining a bit of life helps make up for the fact that these always enter tapped, and they are pretty good at fixing your mana.",21788,39421,55539,95164,17633,26902,176991,57.9%,6.38,9.15,,53.1%,54.8%,55.6%,55.3%,-0.8pp,56.9%,C
Boommobile,Rare,R,4.6,5,"The floor here is that you pay 4-mana for a 6/6 Vehicle with Crew 2 and you get to ping something. That's a great starting point, and the later the game goes, the more potent that Exhaust ability becomes.",12264,20394,26519,48185,8130,8998,17732,87.8%,1.91,1.95,R,59.2%,58.3%,52.9%,55.5%,5.4pp,56.9%,R
Boom Scholar,Uncommon,GR,3.4,3,"Reducing Exhaust costs is definitely relevant, and this has solid stats and a nice exhaust ability on top of that.",17963,31171,44445,75888,13208,18802,99674,67.0%,4.53,5.86,RG,53.6%,53.6%,54.3%,54.1%,-0.7pp,53.6%,U
Boosted Sloop,Uncommon,RU,2.4,3.5,"This triggers no matter what you attack with, so it often loots the turn it comes down. Looting is great on it's own, but you're also likely to have some payoffs to really take advantage of it.",20510,32496,37054,69979,11986,20105,111788,59.1%,5.10,6.65,UR,55.0%,54.0%,51.6%,52.7%,2.5pp,52.4%,U
Bounce Off,Common,U,2.7,2,"You usually go down a card with this, but it does offer some nice tempo with the upside of occasionally blowing out a combat trick or a crewed vehicle.",64160,103663,126596,232495,39503,58634,318337,65.5%,5.86,8.00,U,58.0%,55.9%,54.2%,55.0%,1.7pp,52.4%,C
Brightfield Glider,Common,W,2,2,"This is pretty hard to saddle for a medium upgrade, and the baseline isn't great.",14910,27313,40370,68856,12403,36861,348401,31.1%,7.31,10.72,W,51.0%,52.7%,53.7%,53.5%,-1.1pp,54.7%,C
Brightfield Mustang,Common,W,1.5,2,"It's nice that this is easy to saddle, but even with the buff, it frequently won't have a good attack on turn 5.",12906,22272,33161,55709,9366,33534,346901,27.9%,7.19,10.85,W,49.9%,50.2%,53.0%,51.9%,-2.8pp,50.5%,C
Brightglass Gearhulk,Mythic,GW,4.4,4.5,"You're not going to cast this on turn 4 very often, but that's okay because a 4/4 with first strike and trample is a problem all game long, and it'll usually draw you at least one card -- and often it will draw you two.",2985,5185,7718,13076,2200,3576,11364,59.9%,2.56,2.64,WG,60.7%,60.5%,53.8%,56.5%,6.7pp,60.4%,M
Broadcast Rambler,Common,W,2.1,3,"This brings a long a way to crew it, and getting two artifacts with one card has some legit upside in the format.",45759,76071,101575,182020,30312,48519,324520,61.8%,6.06,8.38,W,57.3%,56.1%,54.1%,55.1%,2.0pp,54.2%,C
Broadside Barrage,Uncommon,RU,3.7,4,This kills most stuff while giving you a very nice loot.,29916,47618,53742,102603,17702,22802,95915,74.0%,4.25,5.24,UR,59.9%,58.2%,52.8%,55.4%,5.4pp,55.3%,U
Broken Wings,Common,G,1.9,2,"This has enough targets in the format for this to be main deck material, but it'll still be kind of a medium removal spell.",48904,82109,114943,197695,33205,49450,320834,65.4%,5.76,8.30,G,56.3%,55.0%,55.5%,55.3%,-0.4pp,53.1%,C
Broodheart Engine,Uncommon,BG,2.9,2.5,"Not adding to the board on two is pretty bad, but this does give some real graveyard value and gives your deck the potential to bring back something huge for 4 mana.",27605,47097,63110,110836,19492,23980,91075,75.5%,4.12,4.93,BG,57.8%,56.9%,55.1%,55.9%,1.7pp,55.4%,U
Bulwark Ox,Rare,W,4.6,4,"This is going to be tough to beat when it drops on turn two, because it can put counters on itself. And there are enough other counters in the format for the sacrifice ability to be relevant, too.",8529,15250,20831,36321,6721,7212,21702,83.8%,2.28,2.45,W,53.4%,55.4%,54.0%,54.6%,1.4pp,58.0%,R
Burner Rocket,Common,R,1.1,2,"You're overpaying for the vehicle for sure, but the enters trigger has the potential to help a creature win combat and sometimes trample can help with speed.",16884,28865,42186,71155,11981,40035,350707,29.6%,7.20,10.45,R,52.2%,51.7%,53.5%,52.8%,-1.8pp,50.9%,C
Burnout Bashtronaut,Rare,R,4.5,3,"Starting your engines on turn one is great, and this is very capable of getting you to max speed quickly thanks to Menace.",11568,19738,25759,45602,8170,8825,20119,84.6%,2.15,2.20,R,55.6%,59.2%,53.1%,55.8%,6.0pp,64.2%,R
"Caelorna, Coral Tyrant",Uncommon,U,2.3,0,"This just isn't worth a card, high toughness or not. You don't want a card this one-dimensional.",9131,15179,17937,33800,6048,18765,139473,29.9%,6.71,9.71,U,54.0%,53.6%,52.5%,53.0%,1.0pp,53.0%,U
Camera Launcher,Common,Colorless,1.9,2,"The baseline is pretty bad here, but it can Exhaust pretty early, and it gives you an extra body when it does.",30229,51168,67092,118814,20939,46090,354601,42.9%,6.75,9.91,,55.2%,53.5%,53.1%,53.3%,0.4pp,51.0%,C
Canyon Vaulter,Uncommon,W,2.8,3,"This is one of the best ways to crew or saddle, as sending things into the air is a massive upgrade for no mana, and it has a solid baseline too.",18167,32046,45181,77398,13879,15900,94066,80.7%,4.04,5.38,W,54.4%,54.6%,54.5%,54.6%,0.1pp,54.8%,U
"Captain Howler, Sea Scourge",Rare,RU,4.3,4,"A 4-mana 5/4 with this Ward is a pretty decent card, and this discard trigger is a huge deal, especially the card draw.",11527,18223,20117,38715,6696,8956,27261,72.1%,2.94,3.02,UR,58.4%,58.8%,50.6%,54.6%,8.3pp,59.5%,R
"Caradora, Heart of Alacria",Rare,GW,4.2,4.5,"This is a 4-mana 4/2 that's going to draw you a pretty good card, and Green/White has enough +1/+1 counter action for Caradora's triggered ability to be relevant pretty often.",8313,14281,21341,35844,5968,7982,27339,73.2%,2.95,3.22,WG,58.5%,57.8%,54.5%,55.8%,3.2pp,56.7%,R
Carrion Cruiser,Uncommon,B,4.1,3.5,"This is going to give you a 2-for-1 most of the time, and help with other graveyard and artifact synergies.",29457,49320,65523,115570,19863,22680,87593,83.5%,3.68,4.59,B,58.6%,56.9%,54.6%,55.7%,2.3pp,54.5%,U
"Chandra, Spark Hunter",Mythic,R,4.8,4.5,"The vehicles she makes aren't excellent at protecting her since you do need something around to crew them, but they certainly increase your chances of keeping her around. And that's good, because animating a vehicle every turn for free is big. Alternatively, her +2 can get you to her ultimate surprisingly quickly.",6909,11338,14100,25653,4429,4587,5994,91.4%,1.27,1.26,R,58.9%,58.4%,52.6%,55.3%,5.9pp,57.8%,M
Chitin Gravestalker,Common,B,1.6,2,"We've never seen a creature that is this specific about graveyard contents be super good in Limited. It won't be cheap enough often enough to be a card you really want, even in graveyard decks.",33293,56758,76571,133601,23465,43918,330128,50.4%,6.14,9.05,B,55.0%,53.7%,53.7%,53.7%,-0.1pp,51.8%,C
Clamorous Ironclad,Common,R,1.7,2,"Casting this doesn't feel amazing, but there are board states where it's good. Cycling for only one mana really helps bail this out, though.",35536,58115,69288,129567,22579,44663,334430,48.6%,6.53,9.23,R,54.7%,53.5%,52.1%,52.8%,1.4pp,51.6%,C
Cloudspire Captain,Uncommon,W,4.1,3.5,"The set has enough Mounts and Vehicles for this to frequently offer a legit buff, and it can crew or mount almost everything in the set.",13371,23582,34435,58084,10211,13022,90876,75.7%,4.05,5.51,W,51.9%,51.8%,53.3%,52.7%,-1.6pp,51.7%,U
Cloudspire Coordinator,Uncommon,RW,1.8,4,"A two mana 3/1 with Scry 2 is such a good starting point, and once this isn't needed for crewing or attacking, it'll start spitting out 1/1s.",9865,17338,25271,42612,7473,14910,115649,47.7%,5.50,7.67,WR,52.9%,54.4%,52.3%,53.1%,2.1pp,56.3%,U
Cloudspire Skycycle,Uncommon,RW,2.7,3.5,"As long as you have one other creature or vehicle, you're going to be happy with this enters trigger, and that's almost always going to be the case.",9577,16409,24188,40956,6832,14565,116538,47.7%,5.44,7.68,WR,51.8%,50.3%,51.0%,50.8%,-0.7pp,48.2%,U
Coalstoke Gearhulk,Mythic,BR,4.5,4,"The keywords make sure that whatever you get back with this is going to have an effective attack, and sometimes you'll get something great.",3441,5686,7490,13350,2245,3668,12214,61.4%,2.71,2.83,BR,57.5%,55.4%,51.9%,53.6%,3.5pp,52.3%,M
Collision Course,Common,W,2.3,3,"There are enough artifacts in the set for that mode to be useful pretty often, and when it isn't, you have a mediocre removal spell you can use.",36480,61226,85753,147428,24746,37704,302205,65.2%,5.45,7.93,W,55.3%,53.9%,53.7%,53.8%,0.2pp,51.9%,C
Count on Luck,Rare,R,2.9,1.5,"Triple Red is very hard to produce in Limited, and taking a turn off to cast this is a serious liability. It can definitely help you win a game with extra cards, but only if you can overcome those big downsides.",2338,3844,5344,9212,1506,6355,50342,24.2%,5.05,7.63,R,49.5%,49.8%,52.7%,51.5%,-2.9pp,50.1%,R
Country Roads,Uncommon,W,1.5,2.5,"These will often enter untapped, and they give you a very real body in the mid-to-late-game.",11749,20427,29050,49565,8678,17475,150405,47.0%,7.35,10.78,,53.0%,53.5%,55.7%,54.8%,-2.2pp,54.2%,U
Crash and Burn,Common,R,2.6,3,"It's definitely not very efficient, but it's relatively easy to cast and can kill most things that matter in the format.",56912,93824,126477,221242,36912,46031,266691,80.3%,4.60,6.31,R,55.3%,53.6%,53.8%,53.7%,-0.2pp,51.0%,C
Cryptcaller Chariot,Rare,B,4.4,4,Triggering this is very doable in Black and the baseline Vehicle is solid.,7644,12431,15405,28385,4787,7232,24583,67.3%,2.67,2.85,B,53.1%,51.9%,50.2%,51.1%,1.7pp,50.0%,R
Cursecloth Wrappings,Rare,B,4.6,3.5,"This is a bit slow, but it's absolutely a game-winning value engine when you have the time to use it.",15078,24766,31238,57782,9688,10557,19546,88.5%,2.16,2.13,B,61.2%,58.9%,53.7%,56.4%,5.2pp,55.3%,R
"Daretti, Rocketeer Engineer",Rare,R,4,1,Daretti's enters/attacks trigger is really strong. But...red just isn't set up for Daretti to work out. You won't consistently have an artifact in play worth giving up or one in graveyard worth getting back.,4447,7167,9452,16683,2720,6348,37568,44.6%,3.84,5.06,R,54.1%,51.7%,50.1%,50.8%,1.6pp,47.6%,R
Daring Mechanic,Common,W,1.4,2,"The baseline's alright, but the activated ability is too expensive to be used reliably.",17279,30170,44927,75189,12891,35935,346473,35.1%,7.02,10.43,W,50.8%,51.0%,53.7%,52.6%,-2.7pp,51.2%,C
Deathless Pilot,Common,B,2.7,1.5,"This is a fairly sub-par creature, and while returning to your hand can be nice, it's also just an effect you use when you have nothing better to do. Typically, you don't want to spend 6 mana to put a 2/2 in play.",38865,69186,100285,169684,30321,45709,325203,61.3%,5.95,8.74,B,53.4%,53.6%,55.0%,54.4%,-1.4pp,53.8%,C
Debris Beetle,Rare,BG,4.3,4.5,"This enters trigger is powerful and can alter a race in a big way, and this is a pretty formidable attacker and blocker too.",14397,24073,30662,56379,9676,10786,19859,84.1%,2.21,2.17,BG,62.1%,61.4%,53.5%,57.3%,7.9pp,60.4%,R
Defend the Rider,Uncommon,G,2.4,2.5,"This feels really good when it blanks removal or wins combat, and making a token with it isn't a bad failcase.",23265,39324,57005,96535,16059,20065,103468,79.0%,4.24,5.78,G,56.2%,55.5%,55.4%,55.5%,0.2pp,54.6%,U
Demonic Junker,Rare,B,4.7,5,"If this were always 7 mana it would probably be a 3.5 at worst, but it will frequently cost less! It adds a real vehicle to the board, kills your opponent's best thing, and gives you the option of sacrificing something to add counters to it. It's insane.",14084,23048,29605,53750,8964,9744,18092,90.4%,1.96,1.99,B,59.4%,56.9%,53.5%,55.3%,3.4pp,52.9%,R
Detention Chariot,Uncommon,W,3.7,4,"Adding a big vehicle to the board while exiling your opponent's best creature or vehicle is a big swing, and you can even cycle this early when you need to. It's even possible to bring it back ahead of schedule.",21532,36251,47746,86305,14719,17134,82952,83.9%,3.54,4.54,W,57.1%,55.9%,52.9%,54.4%,3.0pp,54.2%,U
Dismal Backwater,Common,BU,2.6,2.5,"Gaining a bit of life helps make up for the fact that these always enter tapped, and they are pretty good at fixing your mana.",32654,56368,72426,129314,23714,33522,174232,63.7%,6.11,8.47,,54.8%,55.4%,53.6%,54.4%,1.8pp,56.3%,C
District Mascot,Rare,G,4.6,3,"This can get really out of control when you play it on turn one, and in the late game it has potential to turn into an Artifact removal spell, since you can just Saddle it, attack, and sacrifice it. That second option isn't amazing, but it's enough to keep this really good one drop relevant even when you draw it late.",12161,21407,29224,51296,9246,9304,20179,89.4%,2.14,2.22,G,54.3%,58.4%,55.4%,56.8%,3.0pp,63.9%,R
Diversion Unit,Uncommon,U,3.4,3,"This has a nice baseline as a two mana 2/1 flyer with nice typing, and sometimes it can help keep your bigger threats alive.",32032,53268,64797,118863,21236,22187,85108,89.0%,3.54,4.48,U,56.1%,55.9%,53.6%,54.7%,2.2pp,55.6%,U
Draconautics Engineer,Rare,R,4.7,4.5,"This feels good whenever it is you cast it, where it's on two or three, and then you use the other abilities later. Getting that dragon is where the most value is.",13654,23251,29099,52755,9597,9432,14590,89.8%,1.60,1.58,R,61.7%,61.7%,53.1%,57.0%,8.6pp,61.8%,R
Dracosaur Auxiliary,Uncommon,R,3.1,2.5,"This isn't an ideally-sized creature for 6 mana, but saddling this is a pretty big deal as it can burn something out of the way often allowing it and other things to attack more effectively.",19396,32062,43899,76357,12666,15989,89213,79.3%,3.82,5.00,R,56.1%,54.7%,53.1%,53.8%,1.5pp,52.4%,U
Dredger's Insight,Uncommon,G,3.6,2.5,"Recursive spells like this have played pretty well lately, and I don't have incidental life gain stapled to it.",24880,42853,57641,100921,17973,25375,119242,64.6%,5.18,6.61,G,57.2%,57.3%,56.1%,56.6%,1.1pp,57.3%,U
Dune Drifter,Uncommon,BW,2.4,2,"It's hard to ever feel like you're getting a good deal with this, but by the mid-game it doesn't feel too bad.",15354,25278,33874,59557,9924,19108,117695,52.0%,5.22,7.25,WB,56.0%,54.1%,53.3%,53.7%,0.8pp,51.1%,U
Dynamite Diver,Common,R,1.6,3,"A one mana 1/1 that pings when it dies is a solid card in most Limited formats, and in this one it works especially nicely with Speed. Being able to crew above it's weight class is great too.",19525,34126,47667,81912,14601,38352,345240,35.7%,7.12,10.40,R,51.0%,52.7%,53.1%,52.9%,-0.5pp,54.9%,C
Earthrumbler,Uncommon,G,4.4,3,"Green decks will be pretty good at setting this up so that you don't have to crew very often, and it hits like a truck.",29009,48692,66721,117947,19683,21493,71523,89.8%,3.15,3.74,G,56.7%,55.6%,54.9%,55.4%,0.7pp,54.1%,U
Elvish Refueler,Uncommon,G,4.2,3.5,"There are lots of good Exhaust abilities at lower rarities in the format, and rebuying them is pretty great. Even on it's own it can put a counter on itself every turn.",29428,50511,68364,119734,21083,21803,62655,90.4%,2.75,3.20,G,56.2%,55.4%,55.2%,55.4%,0.2pp,54.4%,U
Embalmed Ascendant,Uncommon,BW,2.8,4,"The baseline of three mana for a 1/2 and a 2/2 is a very good Magic card, and in the later game this can make combat impossible for your opponent.",21308,35420,46117,82017,14112,21889,104726,61.2%,4.71,5.91,WB,59.8%,59.2%,53.7%,56.2%,5.6pp,58.4%,U
Endrider Catalyzer,Common,R,2.2,2.5,This doesn't have the most exciting Max Speed ability since by the time you get there it's unlikely you're desperate for mana. But it's a solid card by virtue of simply being a two drop with okay stats that can start your engines on turn two.,39097,68265,92565,161022,29168,42728,324389,62.7%,6.10,8.70,R,52.6%,53.6%,54.3%,54.0%,-0.7pp,54.9%,C
Endrider Spikespitter,Uncommon,R,3.3,4,"A 4-mana 3/4 with Reach is a passable baseline, and the max speed effect on this can win lots of games.",22141,36587,49168,85936,14446,17627,88830,81.8%,3.77,4.89,R,53.3%,52.9%,53.7%,53.4%,-0.8pp,52.3%,U
Engine Rat,Common,B,3.2,2.5,"One mana 1/1s with death touch always punch above their weight-class, and this one even has some additional late game utility.",73538,126488,167243,295153,52950,58280,280759,82.3%,4.94,6.50,B,57.5%,57.8%,55.1%,56.3%,2.7pp,58.2%,C
Explosive Getaway,Rare,RW,4,4,"Sometimes you'll be able to save your best creature and destroy everything else, and that's great -- but 4 damage isn't quite enough to destroy everything on every board state.",7115,11863,15971,27980,4748,7658,32609,61.0%,3.43,4.07,WR,57.3%,55.8%,51.5%,53.3%,4.3pp,53.6%,R
Fang-Druid Summoner,Uncommon,G,3.8,1.0 // 3.5,"They put enough vanilla creatures in the set for this to actually tutor something up when you build around it. And if your'e getting the two mana 3/3 or the two mana 3/2, you're going to feel pretty good about it.",26894,45725,63752,110246,18831,26094,96835,68.2%,4.13,4.97,G,58.2%,57.8%,56.4%,57.0%,1.4pp,57.3%,U
Fang Guardian,Uncommon,G,3.8,2.5,"This is a decent combat trick stapled to a creature, and it gives it some 2-for-1 potential, but I don't love the base stat-line.",31322,52948,74473,128281,21626,23261,88423,89.3%,3.69,4.65,G,57.7%,56.6%,55.9%,56.2%,0.7pp,55.0%,U
"Far Fortune, End Boss",Rare,BR,4.6,4,"This is great at getting you speed, which is good -- because it has a powerful Max Speed effect too.",11563,19330,24730,44497,7767,9282,21436,78.0%,2.43,2.40,BR,60.5%,59.4%,52.3%,55.7%,7.1pp,57.8%,R
Fearless Swashbuckler,Rare,RU,3.7,3,Even with this coming into play actually getting the card draw trigger is tough. The good news is a 3-mana 3/3 with Haste that gives your vehicles Haste is a good card anyway.,8630,13687,15532,29403,5057,8011,34634,61.7%,3.63,4.31,UR,55.6%,55.4%,51.0%,53.1%,4.4pp,55.1%,R
Flood the Engine,Common,U,3.4,2.5,This type of removal is never great because it's a little too expensive and a little too easy for your opponent to deal with.,90829,146471,175098,326212,55642,59901,237713,89.6%,4.04,5.23,U,58.1%,56.2%,54.3%,55.2%,1.9pp,53.1%,C
Foul Roads,Uncommon,B,1.8,2.5,"These will often enter untapped, and they give you a very real body in the mid-to-late-game.",14863,25998,37135,63217,11135,20458,152504,50.7%,7.36,10.62,,54.4%,54.9%,55.7%,55.4%,-0.8pp,55.6%,U
Fuel the Flames,Uncommon,R,1,2,"This is usually purely a sideboard card because it's difficult to set it up so that it hurts your opponent more than you, but because it has Cycling you can have access to this powerful effect in your main deck without it weighing you down too much.",9321,15316,17887,33317,5995,15935,131307,34.9%,6.12,9.01,R,54.3%,53.5%,52.5%,53.0%,1.0pp,52.2%,U
Full Throttle,Rare,R,2.5,0,"Extra combat phases are only good when you've already got a good attack or you're really far ahead. In other words, this is a win-more card that is dead in all other situations.",1231,2015,3014,5033,784,6145,53465,13.7%,5.42,8.41,R,45.2%,45.7%,51.2%,49.0%,-5.5pp,46.6%,R
Gallant Strike,Uncommon,W,3.7,3,"This has a target a decent chunk of the time, and when it does it's a great deal. When it doesn't, you can cycle it away.",23538,40017,54274,94690,16479,18095,87725,85.4%,3.69,4.78,W,58.5%,57.0%,54.8%,55.8%,2.2pp,54.9%,U
Gas Guzzler,Rare,B,4.2,3,"Starting engines on turn one is great, and this can help you raise your speed in a hurry. In the late game, it's a pretty nice sacrifice outlet.",10315,17734,24027,41871,7419,8355,27142,82.7%,2.75,3.09,B,54.2%,56.5%,54.3%,55.3%,2.2pp,59.7%,R
Gastal Blockbuster,Common,R,2.3,2.5,"This can give itself up to destroy an artifact, and if you have expendable stuff around it feels even better. It doesn't always have a target, but it has one often enough to be decent.",15601,26445,36782,63353,10844,39114,355212,27.1%,7.31,10.76,R,52.1%,51.1%,52.9%,52.1%,-1.8pp,49.6%,C
Gastal Raider,Uncommon,B,3.3,2,"This enters trigger is going to whiff a little too often, and the baseline creature is very bad.",22267,38139,51607,90014,15872,18502,95548,80.1%,4.01,5.38,B,55.5%,55.4%,54.6%,54.9%,0.8pp,55.2%,U
Gastal Thrillroller,Rare,R,4.6,3,"This hits pretty hard on turn three, and the fact you can get it back later is certain to give your opponent a headache. It adds so much trample damage to the board that it can really alter races out of nowhere.",9671,16325,21524,37982,6654,7390,22635,85.3%,2.35,2.57,R,55.5%,55.7%,52.9%,54.1%,2.8pp,55.9%,R
Gastal Thrillseeker,Uncommon,BR,3.6,3.5,"Playing this on two gives you a very good shot at getting max speed in the near future, and sometimes it'll come down and give itself haste and death touch.",20306,34447,45664,80271,14141,20696,100219,63.4%,4.71,5.64,BR,58.7%,59.8%,53.8%,56.4%,6.0pp,61.4%,U
Gearseeker Serpent,Common,U,2.1,1.5 // 3.0,"If you're a heavy artifact deck (most likely UW) this is good. If you're not, it's too tough to get a deal on it.",32271,51279,63718,115590,19008,42106,329466,46.2%,6.37,9.35,U,54.7%,52.4%,51.8%,52.1%,0.6pp,48.6%,C
Gilded Ghoda,Common,R,2.5,2.5,"If you can get a treasure out of this and trade it off you're going to feel pretty good about stuff. If you can get more than one treasure out of it you'll feel great. And if you can't get any, it's going to feel kind of bad. Basically, this is really good on two, and less good thereafter.",41091,71580,98050,169831,30489,42444,320002,66.7%,5.90,8.45,R,51.3%,52.8%,53.7%,53.3%,-0.9pp,54.9%,C
Glitch Ghost Surveyor,Common,U,1.4,2,"The Wind Drake stat-line is pretty bad, and while it helps you with Speed a little bit and can eventually be a 2-for-1, this card doesn't quite overcome that mediocre baseline.",21193,34865,43244,78513,13672,44501,351069,29.5%,7.11,10.39,U,52.1%,51.2%,51.8%,51.6%,-0.6pp,49.9%,C
Gloryheath Lynx,Uncommon,W,4,4,"The efficiency is incredible. You'd play this even if it couldn't be saddled, and if you can even get one Plains out of this you come out way ahead.",24605,43420,58410,102401,18815,19427,68773,85.6%,2.97,3.50,W,56.8%,59.6%,54.2%,56.5%,5.4pp,63.3%,U
Goblin Surveyor,Common,R,1.4,2.5,"I don't love the stat-line, but trample + start your engines is a nice combination, and cashing this in for a card in mid to late game is very doable.",24127,41863,59099,101055,17736,41553,348357,40.5%,6.99,10.16,R,51.7%,51.6%,53.9%,52.9%,-2.4pp,51.3%,C
"Gonti, Night Minister",Rare,B,4.6,4.5,"This effectively draws you a card for every creature that hits your opponent, while also giving you treasure. You do have to be wide enough or evasive enough to get in in the first place, but the effect tends to snowball, since the more cards you draw the more likely you can hit your opponent some more.",14718,24222,30432,55136,9504,9887,15877,91.0%,1.76,1.74,B,58.0%,57.9%,53.6%,55.6%,4.3pp,57.7%,R
Greasewrench Goblin,Uncommon,R,3.6,3.5,"This feels pretty good on one, and it's exhaust ability is sure to not only make it a more relevant creature later, but also reload your hand while potentially triggering discard payoffs.",27340,46588,60569,107477,19248,20462,91304,85.9%,3.82,4.83,R,55.7%,57.5%,54.0%,55.5%,3.5pp,60.0%,U
Greenbelt Guardian,Uncommon,G,4.2,3.5,"This has a passable baseline, and a 5/5 that can gain trample is going to be relevant all game long.",35736,61927,83227,145917,26191,24977,60583,94.3%,2.63,3.01,G,57.8%,58.2%,55.6%,56.7%,2.5pp,58.7%,U
Grim Bauble,Common,B,3.9,3.5,"This just gives you so much for only a single mana. It kills something up front and then provides all the artifact, sacrifice, and graveyard synergy you could ask for.",80754,137729,180377,320041,56975,59347,228566,87.8%,3.89,4.96,B,57.9%,57.5%,54.7%,56.0%,2.8pp,57.0%,C
Grim Javelineer,Common,B,1.6,2,"This stat-line doesn't perform well in formats where there are multiple one mana ways to kill three drops, and while the attack trigger makes up for it to a degree, it doesn't do enough for this to be a card that always makes the cut.",34276,58675,82487,141340,24399,48462,341636,48.1%,6.61,9.47,B,55.0%,54.4%,54.3%,54.3%,0.0pp,53.5%,C
Guardian Sunmare,Rare,W,4.7,4.5,"It's tough to Saddle, but attacking with this once gives you an excellent trigger, and Ward makes it hard for your opponent to ever deal with it efficiently.",10344,17305,23538,41644,6961,8069,18077,84.7%,1.96,1.96,W,58.7%,58.7%,52.4%,55.3%,6.3pp,58.6%,R
Guidelight Matrix,Common,Colorless,2,1.5,"It's nice this replaces itself, because the effects it gives you are super mediocre. If you want to crew or mount vehicles/mounts, just play creatures.",12996,22274,27982,50417,9278,41063,360687,20.5%,7.48,10.97,,54.1%,53.0%,52.7%,52.9%,0.3pp,51.4%,C
Guidelight Optimizer,Common,U,2,2.5,"Tapping for mana for artifacts and Exhaust abilities is pretty sweet, and the fact this is an artifact itself really makes it a solid Common.",57271,96159,119709,216689,38888,52205,317961,69.5%,5.82,8.16,U,54.0%,54.3%,53.4%,53.8%,1.0pp,54.8%,C
Guidelight Pathmaker,Uncommon,UW,2.6,3.5,"Tutoring up your best artifact is awesome, and if you're really in a pinch you can grab something that goes to the battlefield for free.",22603,36012,42784,82139,13409,21710,107743,62.9%,4.81,6.16,WU,58.8%,56.8%,51.1%,54.2%,5.7pp,53.3%,U
Guidelight Synergist,Uncommon,W,2.7,2.5,"Many White decks, and especially Blue/White, will have enough artifacts for this to hit reasonably hard.",18710,30582,37397,70294,11872,16731,103776,70.2%,4.64,6.19,W,56.6%,55.1%,52.6%,54.0%,2.5pp,52.7%,U
Haunted Hellride,Uncommon,BU,2.9,3,"This attack trigger is really good, and the vehicle isn't too shabby.",15034,24935,31218,56544,9901,19557,117523,48.7%,5.36,7.26,UB,54.2%,53.1%,51.5%,52.3%,1.6pp,51.4%,U
Haunt the Network,Uncommon,BU,3.7,3.5,"The baseline is 5-mana for two 1/1 thopters and you drain your opponent 2 life. That's not good, but it's the baseline. Sometimes this will just end the game, and it will frequently turn the game on it's head.",38496,61746,73287,137384,23250,28420,81647,78.9%,3.73,4.13,UB,62.9%,59.7%,52.0%,55.8%,7.7pp,54.4%,U
Hazard of the Dunes,Common,G,4.1,2.5,"You're getting just about you should get for 4 mana, and in the late game it can become the biggest creature on the board.",86133,144572,196224,342832,58439,59162,193731,93.8%,3.38,4.12,G,57.6%,56.9%,56.0%,56.4%,0.9pp,55.9%,C
"Hazoret, Godseeker",Mythic,R,5,3,"You really need Max Speed or this is an awful card. Sure, it can help you get to Max Speed with it's ability, but that ability is incredibly narrow. I think you can get to max speed enough in red for this to be good, but not so often that it's great.",5375,9014,11693,20894,3639,4042,7404,84.7%,1.65,1.62,R,58.5%,57.8%,52.3%,54.8%,5.5pp,56.8%,M
Hellish Sideswipe,Uncommon,B,3.3,3,There are enough expendable bodies and artifacts in the format for this to feel pretty good. Even giving up a vehicle isn't bad since it gets replaced.,21244,34896,46446,81845,13652,19413,104871,70.1%,4.42,6.01,B,56.5%,54.4%,53.4%,53.9%,1.1pp,51.2%,U
Hour of Victory,Uncommon,B,1.8,2,"Three mana 2/2 is bad, but in the late game this can potentially tutor up your best card.",21194,35691,46863,82916,14497,19858,105060,69.0%,4.50,6.02,B,56.1%,55.1%,54.3%,54.7%,0.8pp,53.5%,U
Howler's Heavy,Common,U,2.4,2.5,"Cycling this is going to be ""Plan A"" most of the time since it generates a decent amount of value for the cost, and can even sometimes give you a 2-for-1. But, running this out as a 4-mana 3/4 when you have to is nice.",51178,82459,97435,181316,31281,56311,338583,53.5%,6.44,9.00,U,56.8%,55.0%,53.3%,54.1%,1.7pp,52.2%,C
Howlsquad Heavy,Rare,R,4.6,4,"This new take on Goblin Rabblemaster is pretty sweet, and great at helping you raise your speed. Keep in mind you can use those goblins to crew in situations where you don't want to attack with them.",13511,22967,29221,52393,9456,9500,16891,88.5%,1.84,1.80,R,59.3%,61.8%,52.9%,56.9%,8.9pp,65.4%,R
Hulldrifter,Common,U,2.3,3,"This has pretty bad stats for a vehicle that is this hard to crew, but drawing two cards up front is definitely a big deal.",50632,82898,98438,191933,32266,50813,310695,62.6%,5.59,7.91,U,57.1%,55.3%,52.7%,54.3%,2.5pp,52.4%,C
Interface Ace,Common,W,1.6,1.5,"This set has lots of mounts and vehicles for sure, but this is still too one-dimensional. It basically can't do anything but crew and mount them, and I don't think that's enough.",17031,29721,40358,70203,12690,34330,337728,34.5%,6.87,10.32,W,49.9%,49.4%,52.4%,51.1%,-2.9pp,48.8%,C
Intimidation Tactics,Uncommon,B,2,2.5,"This kind of disruption is great early, but drops off late. You can just cycle it once it's useless, though.",15636,26930,36552,63640,11294,19474,122741,54.0%,5.41,7.65,B,53.6%,54.9%,54.6%,54.7%,0.3pp,56.6%,U
Jibbirik Omnivore,Common,G,2.4,2,"You get an on-rate creature here, but it doesn't do a whole lot more. If you have Fang-Druid Summoner or Rise from the Wreck, it gets a little better.",61029,110047,146880,270735,49018,57815,306964,76.0%,5.35,7.41,G,53.9%,55.3%,56.4%,56.0%,-1.1pp,57.0%,C
Jungle Hollow,Common,BG,2.6,2.5,"Gaining a bit of life helps make up for the fact that these always enter tapped, and they are pretty good at fixing your mana.",30066,54304,75875,130471,24238,31295,173101,68.0%,5.97,8.41,,53.9%,55.4%,55.9%,55.7%,-0.5pp,57.3%,C
"Kalakscion, Hunger Tyrant",Uncommon,B,2.4,1,"The power is super high, but that doesn't do much to keep this from dying to lots of one mana cards, and with no other upside -- plus a challenging mana cost -- it's not a card you should play very often.",7315,12744,17153,31435,5429,16112,133579,32.5%,6.28,9.46,B,52.2%,52.1%,53.4%,53.2%,-1.3pp,51.9%,U
Keen Buccaneer,Common,U,2.5,3,"Even if this was always 5-mana for a 3/4 with Vigilance that loots when it enters, it'd be solid -- and this is way better since you can pay in installments.",72507,119104,143895,265099,46597,56437,300087,78.1%,5.27,7.30,U,56.2%,55.2%,53.7%,54.4%,1.5pp,53.6%,C
"Ketramose, the New Dawn",Mythic,BW,3.7,0,"There's not enough exile in this format for Ketramose to be attacking or blocking, and not enough to trigger the other effect either.",330,584,771,1361,254,2564,18486,9.0%,3.85,5.49,WB,,46.9%,47.6%,47.4%,-0.7pp,,M
Kickoff Celebrations,Common,R,1.3,2,"This is a Speed card that doesn't do much to help you get max speed, and Enchantment isn't a very useful type in this format. It's mostly just Tormenting Voice, which you play sometimes -- but certainly not all the time.",22931,38315,47695,86226,15384,41327,346418,34.9%,7.06,10.23,R,52.5%,51.4%,52.4%,52.0%,-1.0pp,49.7%,C
"Kolodin, Triumph Caster",Rare,RW,4,3.5,"If you play this on two it can allow for some insane curve outs, and even in the late game getting some free crews and saddles, not to mention haste, definitely matters.",4441,7774,11078,18854,3333,5865,34350,54.8%,3.72,4.54,WR,50.7%,51.2%,50.3%,50.6%,0.9pp,51.8%,R
"Lagorin, Soul of Alacria",Uncommon,GW,3.4,3.5,"If this comes down on schedule it's going to snowball and potentially runaway with the game. It's less impressive late, but the fact it can put counters on any mounts and vehicles will mean it's still pretty relevant.",14750,26628,38401,66474,11878,16679,93526,65.9%,4.31,5.54,WG,52.8%,55.3%,54.9%,55.2%,0.4pp,58.4%,U
Leonin Surveyor,Common,W,2.2,3,"This is hard to block for much of the game, which means it's good at building speed, and it often turns into a 2-for-1 in the late game.",30565,54523,78805,133471,23958,37679,316604,59.3%,5.96,8.58,W,50.8%,52.3%,54.1%,53.4%,-1.8pp,54.2%,C
Lifecraft Engine,Rare,Colorless,4.4,3.5,"This will almost always improve your board when it comes down since you can just name a type of creature you have in play, and it'll of course always buff vehicles.",6485,10799,14445,25435,4314,5996,26764,72.6%,2.78,3.21,,52.2%,51.6%,51.4%,51.6%,0.2pp,50.7%,R
Lightning Strike,Common,R,4.1,4,"It's very easy to trade up with this, and you can even finish your opponent off or raise your speed with it.",59959,100850,132972,234825,40891,43626,197028,89.2%,3.39,4.37,R,55.6%,54.8%,53.9%,54.3%,0.9pp,53.6%,C
Lightshield Parry,Common,W,1.2,1.5,"This is a mediocre trick, and while cycling makes it better, two generic to cycle isn't exciting either.",8800,15566,23431,39014,6766,38312,364510,16.9%,7.95,11.60,W,52.0%,51.3%,54.2%,53.1%,-2.8pp,50.4%,C
Lightwheel Enhancements,Common,W,1.3,1.5,"The buff might help you get in for a hit and raise your speed, but it's pretty mediocre overall. Once you get to max speed it gets kind of sweet, but it's less likely getting the buff out of the graveyard by that stage is relevant.",4810,8216,12047,20763,3406,34854,359891,10.0%,8.02,11.99,W,48.9%,48.6%,52.6%,51.3%,-3.9pp,48.2%,C
Locust Spray,Uncommon,B,2.6,3,"When this can kill something it feels great, and when it can't and you cycle it for a single Black mana, it's perfectly solid.",10921,18596,25584,44274,7675,19558,135457,37.5%,6.07,8.76,B,53.8%,53.4%,54.2%,53.9%,-0.8pp,52.8%,U
"Loot, the Pathfinder",Mythic,GRU,4.6,4.5,"The mana's tough, but that's probably a good thing because a creature that can Lightning Bolt or Ancestral Recall is pretty insane in Limited. Ideally, you want to wait until you have that sixth mana to use one of those exhaust abilities before you play it.",7186,11853,14482,26704,4667,5121,8548,84.1%,1.93,1.83,URG,65.5%,63.9%,51.9%,57.4%,12.0pp,61.5%,M
Lotusguard Disciple,Common,W,2,3,This enters trigger is an absolute beating. It'll virtually always gain you some life and get a free attack in.,23131,40293,58212,98683,17162,35442,334858,46.5%,6.52,9.70,W,54.0%,53.0%,54.4%,53.8%,-1.4pp,51.8%,C
Loxodon Surveyor,Common,G,2.3,2.5,"A three mana 3/3 is still okay, and this one is reasonably likely to give you a 2-for-1 later in the game.",40370,70789,100762,172053,30419,48807,328317,57.8%,5.93,8.59,G,53.6%,53.9%,55.7%,55.0%,-1.8pp,54.3%,C
Lumbering Worldwagon,Rare,G,4.8,2,"Crew 4 is a lot, especially if you play this early -- and a */4 gets a lot less impressive the later the game goes on. Sure, it's power will be higher, but that toughness staying at 4 still makes it super vulnerable. Meanwhile, the mana ramp just isn't very relevant most of the time.",14856,25576,33379,59916,10720,10125,14227,93.1%,1.53,1.52,G,62.0%,65.4%,53.8%,58.8%,11.6pp,70.0%,R
Magmakin Artillerist,Common,R,1.5,3,"This is a nice way to raise your speed whether you cycle it or cast it, and it has a decent body.",29088,45981,51760,98119,16893,40099,337203,41.5%,6.91,9.89,R,52.7%,50.6%,50.8%,50.7%,-0.2pp,47.0%,C
Marauding Mako,Uncommon,R,2,1.5 // 3.5,"This is a great payoff if you're in the Blue/Red deck, which will have lots of ways to trigger this. It's going to be a lot less impressive in other Red decks, though.",21312,34396,37912,72635,13084,18303,103876,66.5%,4.61,5.98,R,54.7%,56.1%,52.0%,54.0%,4.1pp,58.4%,U
March of the World Ooze,Mythic,G,4.8,4,"This will make most boards way more impressive, and it even punishes your opponent for being able to remove it right away -- and they're going to want to, because it will often give you amazing attacks the turn you play it. It does ask you to have at least a few creatures, though.",6628,10967,14603,25905,4339,4676,8173,88.7%,1.83,1.78,G,64.0%,62.7%,53.7%,57.8%,9.0pp,60.7%,M
Marketback Walker,Rare,Colorless,4.7,4.5,"This is almost always going to net you cards, and if the game is stalled out you can just keep growing it and making into more of a threat as it becomes a more imposing creature on the board too.",13178,22415,28323,51175,9237,8740,14648,97.2%,1.59,1.61,,57.2%,56.6%,53.6%,55.1%,3.0pp,55.7%,R
Marshals' Pathcruiser,Uncommon,BGRUW,2.7,1.5,"I want this to be good, but paying 3 mana for a vehicle that is this hard to crew and hoping you'll be okay just seems like a very bad idea. Limited formats are just too slow these days.",27258,46752,59319,107106,19494,25872,120177,67.2%,5.25,6.55,,59.3%,58.8%,54.3%,56.3%,4.5pp,58.1%,U
Maximum Overdrive,Common,B,2.3,2.5,This is a quality trick that blanks removal and wins virtually any creature combat against another creature.,49571,82285,112430,195219,32714,52286,323245,61.4%,5.97,8.39,B,57.3%,56.2%,54.2%,55.0%,2.0pp,54.4%,C
Memory Guardian,Uncommon,U,3,3,"Even casting this for 4 feels pretty good, and if you can go lower it feels even better.",26616,43095,51077,99322,16479,19760,85726,83.7%,3.68,4.64,U,58.0%,56.3%,51.6%,54.1%,4.7pp,53.6%,U
"Mendicant Core, Guidelight",Rare,UW,4.2,3,"This can definitely have high power in blue-white decks, but getting to max speed and then also having artifacts to copy won't line up all that often.",8784,14563,18210,33046,5779,7900,26794,70.4%,2.95,3.13,WU,56.1%,56.3%,51.3%,53.6%,5.0pp,56.7%,R
Midnight Mangler,Common,U,2.3,2,"Not a terrible defensive card, but it doesn't belong in all decks.",49957,83026,101518,185559,33069,50645,323065,61.2%,5.95,8.46,U,54.3%,54.1%,53.2%,53.6%,0.8pp,53.7%,C
Migrating Ketradon,Common,G,3.6,2.5,"This is a solid top-end creature that is pretty good at helping you stabilize between the huge body, reach, and life gain.",87942,149416,202148,354424,61474,63187,222209,90.4%,3.95,4.79,G,59.3%,57.5%,56.1%,56.8%,1.3pp,55.0%,C
"Mimeoplasm, Revered One",Mythic,BGU,4.1,3,"Once you are exiling two cards, this is a 5-mana 6/6 -- and it kind of scales from there, while maintaining the upside of transforming into the creatures it copies. It takes real set up, though, and it's pretty bad when you pay 1 for X.",2761,4505,5933,10548,1744,3764,17188,48.0%,3.53,4.29,UBG,54.0%,51.0%,50.8%,51.0%,0.2pp,46.3%,M
Mindspring Merfolk,Rare,U,4.5,3,"Not a lot of Merfolk in this set, but an Exhaust ability capable of drawing this many cards is pretty powerful.",17135,28230,33382,62365,11095,11564,23226,88.4%,2.47,2.52,U,59.2%,59.5%,52.9%,56.1%,6.6pp,60.1%,R
Molt Tender,Uncommon,G,3.4,3,"This isn't as good as most one mana dorks because it typically won't be able to produce mana on turn two, but it does give you a nice mana boost on later turns, as well as fixing. And it can just set up graveyard stuff in general.",31849,56229,79174,136158,24380,25566,93834,86.3%,3.95,4.82,G,54.2%,57.4%,56.3%,56.7%,1.2pp,61.6%,U
Momentum Breaker,Uncommon,B,3.3,3,"This feels best on turn two when you use it to kill your opponent's only creature and attack with your one drop to rapidly raise your speed, but it does have some pretty seriously diminishing returns thereafter.",27437,46562,60317,107481,19125,20659,82058,85.4%,3.46,4.34,B,56.6%,56.7%,54.3%,55.4%,2.5pp,56.9%,U
Monument to Endurance,Rare,Colorless,4.2,1 // 4.5,"If you have a critical mass of cycling/discard, this is a legitimate value engine and win condition. Most decks won't be able to reach that critical mass, though.",7643,12181,12978,25442,4538,7295,26971,60.1%,2.90,3.14,,53.5%,51.5%,49.6%,50.6%,1.9pp,48.0%,R
Muraganda Raceway,Rare,Colorless,1.2,1.5,"As with the other start your engines! lands, this just isn't worth the hit to your mana base. You don't exactly need extra mana by the point you have Max Speed.",2977,4903,6857,11783,1926,6277,59342,31.3%,4.98,7.90,,50.6%,51.1%,53.1%,52.2%,-2.0pp,51.8%,R
Mutant Surveyor,Common,B,2.3,2.5,"The buff effect helps gets this in on many boards, and the fact you can exile it from your graveyard means it has 2-for-1 potential. Alternatively, it can feel pretty good when it gets milled too.",46647,80431,112507,193169,33784,50430,328677,63.2%,6.05,8.66,B,54.9%,54.5%,54.7%,54.6%,-0.2pp,53.8%,C
"Mu Yanling, Wind Rider",Mythic,U,4.9,5,"The vehicle token is already worth a card more or less, and she can quite easily draw you even more cards. You'll often get a 3-for-1 when she comes down, and then the value just keeps rolling from there.",7963,12964,15517,28956,5001,4898,6387,93.2%,1.43,1.41,U,65.2%,65.3%,51.9%,58.2%,13.4pp,65.5%,M
Nesting Bot,Uncommon,W,3.3,3.5,"Starting your engines on turn one is big, and the baseline here is excellent -- you always play a one mana 1/1 that leaves behind a 1/1.",16310,28381,38634,67531,12071,16144,105732,69.2%,4.61,6.28,W,54.0%,55.9%,54.0%,54.8%,2.0pp,58.5%,U
Night Market,Common,Colorless,3,2.5,"This style of land is always good for your mana base, and adding Cycling to a land is always nice because it gives you some flood insurance.",88409,154973,202073,357864,66564,61786,292233,95.0%,4.67,6.61,,54.9%,55.4%,55.6%,55.5%,-0.2pp,56.0%,C
Nimble Thopterist,Common,U,2.8,3.5,"Blue creatures that make a token are very frequently the best Common in Limited, and this is definitely in the conversation. You get good stats for what you pay and the artifact upside is nice.",65621,106167,131181,239429,40546,56289,311089,70.6%,5.55,7.73,U,56.7%,55.4%,53.6%,54.5%,1.8pp,53.3%,C
Oildeep Gearhulk,Mythic,BU,-0,3.5,"This trigger is nicely flexible. You can use it to help you loot, or to disrupt your opponent, and the body you get is pretty good.",4643,7565,8643,17634,2922,4171,11062,70.1%,2.46,2.50,UB,59.8%,58.6%,50.2%,54.8%,8.4pp,56.7%,M
Ooze Patrol,Uncommon,G,2.6,1.5,"The floor here is a very bad creature, and the ceiling is a huge vanilla creature that still has a window where it is very vulnerable.",17916,30013,41929,72180,12097,18203,111985,65.3%,4.85,6.76,G,55.8%,54.6%,54.5%,54.5%,0.1pp,52.7%,U
Outpace Oblivion,Uncommon,R,3.9,3.5,"This is a fairly efficient removal spell, and it's nice that you can do some direct damage with it fairly often -- and raise your speed. Keep in mind the sacrifice ability is symmetrical, though.",27466,45858,59838,106422,18392,19530,67627,90.5%,2.87,3.46,R,56.0%,55.1%,53.6%,54.3%,1.5pp,53.8%,U
"Oviya, Automech Artisan",Rare,G,3.7,1.5,"Oviya doesn't do enough to overcome her abyssmal stat-line. Her other abilities ask you to have things worth putting into play, and you'd be surprised how infrequently that's the case in Limited.",4788,8222,12117,20397,3434,5341,30636,64.4%,3.19,4.09,G,54.1%,53.3%,52.8%,53.0%,0.5pp,52.1%,R
Pacesetter Paragon,Uncommon,R,2.2,2.5,"This doesn't have a great baseline, but any time it attacks you put your opponent in an ugly spot, provided they don't have interaction.",14564,24986,34964,60017,10422,15117,114068,66.8%,4.92,6.99,R,52.2%,51.5%,54.0%,52.9%,-2.5pp,50.5%,U
Pactdoll Terror,Common,B,3.7,3,"A 4-mana 3/4 that drains 1 life when it enters is kind of passable, and this has a much higher ceiling than that thanks to being an artifact and draining life for every other artifact too. It's a good way to get max speed.",85594,141245,173874,327052,55651,62848,224858,84.9%,4.03,4.85,B,58.8%,57.5%,53.3%,55.5%,4.2pp,55.6%,C
Pedal to the Metal,Common,R,0.9,1.5,"This is too inefficient to be a trick you play regularly, even with the pseudo-fireball upside.",13653,22947,34033,57037,9294,41585,360778,22.9%,7.78,11.24,R,53.0%,51.3%,53.6%,52.7%,-2.3pp,48.8%,C
Perilous Snare,Rare,W,4.8,4.5,"This is a great removal spell, and once you have Max Speed it also turns into a pretty amazing value engine. A free counter every turn is massive.",13882,23173,29479,54166,9291,9620,14969,90.2%,1.61,1.59,W,63.4%,62.0%,52.9%,57.2%,9.1pp,59.9%,R
Pit Automaton,Uncommon,Colorless,2.4,1.5 // 2.5,"You can't really play this unless you've got a bunch of cycling and/or Exhaust, but even then this card's very one dimensional.",15608,26328,33436,60086,10720,20532,137367,48.5%,6.02,8.58,,54.3%,54.0%,55.0%,54.5%,-1.0pp,53.6%,U
Plow Through,Uncommon,G,4.2,3,"Neither of these modes is that good individually, but when you CAN destroy a vehicle or creature for one mana, it feels pretty good.",27394,46020,64277,110634,18626,20401,80858,89.1%,3.34,4.26,G,56.8%,55.4%,55.3%,55.4%,0.1pp,53.4%,U
Point the Way,Uncommon,G,1.6,0,"A Max Speed card that doesn't do anything to help you get there is super weird, and if you're spending your turn one not adding to the board and turn 4 grabbing some lands, you're probably going to lose.",1812,3233,4380,7692,1421,14754,141939,8.7%,7.11,10.95,G,45.8%,43.6%,49.9%,47.3%,-6.3pp,40.8%,U
Possession Engine,Rare,U,4.6,4,"Even though this nerfs the creature you steal, it's still basically a 5-mana 5/5 vehicle that removes a creature, and the creature you steal can probably crew the Engine -- and might even have some abilities.",15967,26178,29167,60788,10211,10861,17126,90.9%,1.82,1.83,U,62.1%,60.3%,52.1%,56.8%,8.1pp,57.4%,R
Pothole Mole,Common,G,3.5,2.5,This gives some nice graveyard synergy and can even insure you hit a land drop.,78257,135998,189213,326201,57741,64376,278383,82.0%,4.84,6.29,G,56.3%,56.7%,56.6%,56.6%,0.1pp,57.3%,C
Pride of the Road,Uncommon,W,3.3,2.5,"The baseline is solid, and the max speed pay off is enough to make almost anything into a threat -- including the Pride itself.",12634,21315,30562,51933,8681,13669,103309,64.0%,4.59,6.51,W,53.3%,52.2%,53.1%,52.8%,-0.9pp,50.6%,U
Prowcatcher Specialist,Common,R,2.4,2,"This won't feel that good on turn two, or on turn 4 when you can potentially buff it. But it never feels awful either.",37227,64568,88966,153750,27341,41066,321493,62.8%,5.99,8.66,R,52.1%,52.3%,53.7%,53.1%,-1.4pp,52.6%,C
Push the Limit,Uncommon,R,1.5,0,"Yeah, you're not setting this up and then getting to 7 mana in Limited.",8464,13018,14757,27930,4554,20146,139783,23.2%,6.94,9.40,R,57.9%,54.4%,49.4%,51.8%,5.0pp,48.0%,U
Pyrewood Gearhulk,Mythic,GR,-0,4.5,"It's tough to cast but it doesn't take much of a board state for this to break the game wide open. Vigilance + Menace + the buff is amazing, because it means you can swing super hard without giving up much on defense. So it isn't just good when it gives you lethal. It's basically always good when you cast it.",4818,8097,11434,19698,3279,4279,9698,74.8%,2.20,2.08,RG,63.7%,60.8%,52.4%,56.0%,8.4pp,56.7%,M
Quag Feast,Rare,B,4.4,4,This is a great removal spell that scales all game long while also giving you some graveyard help.,15538,25896,32553,58910,10358,10612,21432,90.2%,2.28,2.37,B,59.7%,58.1%,54.4%,56.1%,3.7pp,55.8%,R
Racers' Scoreboard,Uncommon,Colorless,1.8,1.5,"Not adding to the board is very bad, and this Max Speed effect is rarely relevant in Limited.",1726,2816,3379,6323,1090,14638,149193,7.2%,7.37,11.26,,49.9%,48.0%,49.6%,48.9%,-1.6pp,45.0%,U
Radiant Lotus,Mythic,Colorless,3.1,0,"By the time you can cast and use Radiant Lotus effectively, you don't need mana anymore. This is a dead card in 99% of games.",16,23,30,53,7,3288,26766,0.3%,5.16,7.99,,,,,,,,M
Rangers' Aetherhive,Uncommon,GU,3.9,3.5,"The Vehicle itself is pretty nice, and getting just one thopter out of this feels good, and it isn't hard to build around.",24366,39997,51105,92110,15631,23037,95586,66.4%,4.33,5.28,UG,55.1%,54.9%,54.7%,54.9%,0.2pp,54.7%,U
Rangers' Refueler,Uncommon,U,3.8,3.5,"It's great that this is an enabler and a payoff, so you can draw a card with it even without any other Exhaust, and you're going to have other Exhaust around, too.",40562,67259,79647,148706,26697,26630,63329,90.5%,2.84,3.12,U,59.5%,59.3%,54.2%,56.7%,5.1pp,59.1%,U
Reckless Velocitaur,Uncommon,R,1.8,2,"Hill Giant stats are bad, and while this Crew trigger is nice, the stuff it can crew can be crewed by lots of 2 drops in the format.",6003,10312,15386,25715,4309,14190,132201,30.7%,6.21,9.34,R,50.6%,49.3%,51.9%,50.9%,-2.6pp,47.6%,U
"Redshift, Rocketeer Chief",Rare,GR,3.8,3,"His Exhaust ability is rarely useful in Limited. Even with the help he gives you, you're not going to have any permanents left by the time you can use it. But he's got solid stats and can help with other more meaningful Exhaust abilities.",5940,10498,15087,25626,4558,7100,35268,60.2%,3.72,4.55,RG,52.7%,54.3%,53.9%,54.1%,0.4pp,56.4%,R
Reef Roads,Uncommon,U,1.5,2.5,"These will often enter untapped, and they give you a very real body in the mid-to-late-game.",16881,27924,34547,62686,11043,20584,151985,50.3%,7.46,10.70,,55.7%,55.1%,54.3%,54.7%,0.8pp,54.3%,U
Regal Imperiosaur,Rare,G,4.5,3,"This has above-rate states, and while dinosaurs aren't a huge theme in the set, there are a few that it can buff.",13675,23422,31559,55250,9747,9813,19343,91.2%,2.06,2.14,G,56.6%,57.6%,55.6%,56.5%,2.0pp,59.0%,R
Repurposing Bay,Rare,U,2.6,0,This is way too finnicky about what you sacrifice and what you can search up to ever be worth it in Limited. You just can't do something meaningful with this. Playing it is a good way to lose.,616,1022,1191,2244,406,6835,55837,5.5%,5.50,8.52,U,48.7%,46.7%,49.3%,48.2%,-2.6pp,,R
Ride's End,Common,W,3.4,3,"Paying 5 for this is not what you want to be doing, but paying two is great. If you're an aggressive deck it's far less good, but it pulls it's weight in many decks.",62140,103602,138866,243966,41462,46417,220126,86.2%,3.80,4.90,W,58.9%,57.3%,53.9%,55.4%,3.4pp,54.9%,C
Ripclaw Wrangler,Common,B,1.7,2,"The vehicle you get here is pretty bad, and while I like making my opponent discard, it's less good on a card this expensive that doesn't always add to the board. I'd much rather have it on a two mana 1/1.",10126,16904,23392,40746,6778,41928,356372,16.1%,7.38,10.85,B,52.9%,51.6%,52.4%,52.2%,-0.8pp,49.7%,C
Riptide Gearhulk,Mythic,UW,-0,4.5,"This straight up removes something when it enters, and double strike and prowess make this a complete nightmare in combat.",4387,7448,7763,17627,3061,4134,10177,69.4%,2.36,2.27,WU,63.9%,62.8%,48.1%,57.4%,14.7pp,61.2%,M
Rise from the Wreck,Uncommon,G,3.5,1.5 // 3.0,"If you're a graveyard-oriented deck with a good mix of Mounts and Vehicles, this'll be pretty good. It gets even better if you have a couple of vanilla creatures.",19032,31831,45783,77707,12799,20860,117747,61.1%,5.05,7.03,G,56.5%,53.8%,55.2%,54.6%,-1.4pp,49.8%,U
Risen Necroregent,Uncommon,B,4,3.5,"If you're good at getting max speed, this can be great. Problem is, even decks that are really good at getting max speed won't have it consistently enough for this to be completely insane -- instead, it's merely very good.",24403,40206,53575,94796,15803,19204,79594,82.5%,3.43,4.28,B,55.9%,53.9%,53.4%,53.8%,0.5pp,50.8%,U
Risky Shortcut,Common,B,2.1,2.5,"Making your opponent lose life while you draw cards is definitely a nice upgrade to this effect, and it helps with speed.",25043,42144,56231,98559,17101,45411,344047,35.8%,6.89,10.03,B,56.0%,54.6%,53.9%,54.2%,0.7pp,52.5%,C
Riverchurn Monument,Rare,U,4.2,0 / 3.0,"This is terrible in most decks, but if you're in a graveyard-oriented control deck, it's a legitimate mill win condition.",16231,26393,30304,57554,10162,11321,26907,82.7%,2.98,2.93,U,62.0%,60.0%,52.4%,56.1%,7.6pp,56.6%,R
Riverpyre Verge,Rare,RU,3.6,3,"These offer excellent fixing which you can use to make your mana base more consistent in a two-color deck, or to help you splash.",7990,13397,15832,29393,5407,8400,52220,58.2%,4.19,6.11,,54.4%,54.6%,53.4%,54.0%,1.2pp,55.1%,R
Road Rage,Uncommon,R,4,4,"One mana for two damage is a great deal, and this will usually be doing 3+ by the mid to late game.",25875,43388,57696,101394,17513,19454,82439,85.9%,3.47,4.38,R,55.9%,56.0%,54.2%,55.0%,1.8pp,56.1%,U
Roadside Assistance,Uncommon,W,2.1,3,"This buff offers you some very real value upfront, as lifelink is a great way to shift a race in your favor. Throw in the fact that this gives you a token, and you can overcome most of the downsides Auras have.",7260,12394,18647,31104,5134,13642,122901,38.3%,5.74,8.58,W,53.5%,53.1%,53.4%,53.3%,-0.3pp,52.6%,U
Roadside Blowout,Uncommon,U,3.4,3.5,"Even if this always cost three mana it would be good, since you can get some nice tempo while drawing a card, so the fact this'll be one mana sometimes is really nice.",36358,59680,71676,132729,23322,26417,98555,82.8%,4.10,5.16,U,58.0%,56.3%,54.6%,55.5%,1.7pp,53.7%,U
Rocketeer Boostbuggy,Uncommon,GR,3,3.5,This is just a ton of value for only two mana. Especially because it gives you mana back when it attacks.,18512,32270,46261,78811,13758,19357,97558,66.7%,4.42,5.59,RG,53.7%,56.3%,54.9%,55.5%,1.4pp,59.9%,U
Rocky Roads,Uncommon,R,1.3,2.5,"These will often enter untapped, and they give you a very real body in the mid-to-late-game.",11376,19434,26501,45989,8058,17874,152023,42.7%,7.43,10.87,,51.0%,52.3%,54.6%,53.6%,-2.2pp,54.2%,U
Rover Blades,Uncommon,Colorless,2.1,1.5,"This is too pretty bad cards stapled together. That's enough to make it somewhat playable, but most of the time you're cutting it.",7388,12749,18387,31264,5361,13518,129899,39.2%,5.54,8.57,,50.7%,49.8%,52.2%,51.3%,-2.4pp,48.5%,U
Rugged Highlands,Common,GR,2.2,2.5,"Gaining a bit of life helps make up for the fact that these always enter tapped, and they are pretty good at fixing your mana.",25337,45159,60693,106105,19822,28033,173350,62.0%,6.09,8.64,,52.7%,54.5%,55.2%,54.9%,-0.7pp,56.8%,C
Run Over,Common,G,3.7,3.5,"If this always cost two it would be a good card, but it will frequently only cost a single green, making it great. There's even a mount with death touch which makes for a particularly devastating combo.",87090,145630,201163,348392,58540,60202,182444,93.8%,3.13,3.82,G,58.6%,57.3%,55.7%,56.5%,1.6pp,55.5%,C
Sabotage Strategist,Uncommon,U,3.4,2,"If this can stick around, it's very powerful. But it is a horrible stat-line that means it can die to multiple one mana and two mana removal spells in the format, and that is just too big of a blowout for this to be anything special.",26220,41916,50849,93625,15696,19327,85144,81.6%,3.65,4.66,U,56.6%,54.8%,52.4%,53.6%,2.5pp,51.8%,U
"Sab-Sunen, Luxa Embodied",Mythic,GU,5,5,"So the turn you play this you'll have a huge indestructible body protecting you, on the next turn you add a counter and draw two, and then on the next turn it can attack for 7. Basically you alternate between drawing lots of cards and having a huge creature, and those are great things to have.",8902,14485,17031,31875,5583,5237,6027,94.6%,1.31,1.29,UG,68.0%,67.9%,52.5%,59.7%,15.4pp,67.8%,M
Salvation Engine,Mythic,W,5,4,"It's tough to crew, but in many decks it'll offer an immediate buff, and if it ever attacks you're going to be in an incredible position.",4856,7977,9449,18848,3121,3783,7799,84.0%,1.73,1.72,W,56.5%,55.1%,49.8%,53.5%,5.3pp,53.0%,M
"Samut, the Driving Force",Rare,GRW,4.1,4.5,"She'll come down and give your board a buff of +1/+0 at a minimum, while also bringing a very powerful body to the board. Frequently she'll give your board a way bigger buff than that, too. The noncreature spell reduction isn't going to come up much, but that's okay.",6505,10920,16107,27126,4415,7216,31023,62.2%,3.30,3.85,WRG,57.0%,56.1%,52.3%,53.9%,3.8pp,54.8%,R
Scoured Barrens,Common,BW,2.9,2.5,"Gaining a bit of life helps make up for the fact that these always enter tapped, and they are pretty good at fixing your mana.",24088,42360,56932,99529,18272,29530,178923,55.5%,6.52,9.14,,54.1%,55.1%,54.1%,54.5%,1.0pp,56.4%,C
Scrap Compactor,Common,Colorless,2,1.5,"If you're desperate for removal, this can do the job, but it'll never be efficient.",45029,76665,97602,176403,31636,51202,341157,57.1%,6.05,8.80,,55.3%,53.8%,54.0%,54.0%,-0.1pp,51.7%,C
Scrounging Skyray,Uncommon,U,4,1.5 // 4.0,"This is an amazing discard/cycling payoff that can completely run away with the game, and you can't say that about most two drops. You do need lots of discard and cycling to get there, but it's very doable in Blue.",25857,41748,45619,88065,15891,20839,91973,70.6%,4.09,5.03,U,56.2%,56.4%,51.3%,53.8%,5.1pp,56.7%,U
Shefet Archfiend,Uncommon,B,2.7,1.5 // 3.0,"If you're good at reanimating, this can be a pretty great target because of it's ability to add a real threat to the board while wiping a bunch of stuff away. 7 mana is too expensive to be what you pay for this all the time, though.",14860,25415,34818,60484,10555,17763,117308,56.3%,5.11,7.31,B,56.6%,55.1%,54.3%,54.7%,0.9pp,53.1%,U
Silken Strength,Common,G,1.5,1.5,"The risk isn't really worth the reward here. The buff is fairly small, and Reach isn't exactly the most exciting keyword.",16451,27943,40709,68963,11492,46725,358098,24.1%,7.47,10.74,G,55.5%,54.6%,54.7%,54.7%,-0.1pp,53.3%,C
"Sita Varma, Masked Racer",Rare,GU,4.3,3.5,"This ability is pretty tough to play against once your opponent has a bunch of mana, as it can make the board way scarier. Problem is, you do need a decent amount of mana before she's really a threat.",13664,22657,28886,52228,8993,10789,24326,79.0%,2.70,2.72,UG,61.1%,60.2%,53.4%,56.6%,6.8pp,58.8%,R
Skybox Ferry,Common,Colorless,1,1.5,"A 5-mana 4/4 flyer that is always a creature isn't what it used to be, and this has to be CREWED. Cycling helps a little, but not enough.",12386,20459,24464,45738,8073,42192,366454,18.1%,7.76,11.21,,52.3%,50.3%,50.5%,50.6%,-0.1pp,47.3%,C
Skycrash,Uncommon,R,3.7,3.5,"This will often have targets and just be a really good removal spell, and when it doesn't you can always cycle it.",20679,34403,44278,79013,13724,17570,105480,75.0%,4.50,6.10,R,55.7%,54.5%,53.5%,53.9%,1.1pp,52.7%,U
Skyseer's Chariot,Rare,W,4,3,"""Crew"" is an activated ability, so you'll often have something in play to name when you play this. Sometimes you won't, but it's a decent vehicle on it's own.",6747,11792,16185,28113,5045,6623,34012,70.8%,3.35,4.20,W,54.6%,54.7%,54.1%,54.4%,0.6pp,55.0%,R
Skyserpent Seeker,Uncommon,GU,4.1,3.5,This can trade with anything and the Exhaust ability is a great way to make sure you have mana for your other Exhaust abilities.,32536,54307,68396,124524,21771,25643,78014,79.2%,3.58,3.98,UG,59.4%,59.2%,54.8%,56.8%,4.4pp,58.9%,U
Skystreak Engineer,Common,U,2.7,2,"This will never feel especially efficient, but it's nice that it feels fine on turn two and you can Exhaust it late to keep it relevant.",73128,121517,145332,268914,48389,55986,294004,79.6%,5.11,7.08,U,56.4%,55.7%,53.8%,54.7%,2.0pp,54.7%,C
Slick Imitator,Uncommon,U,2.6,2.5,"Blue isn't great at getting to max speed, and while that max speed ability can be really great, you also give up a card to get a copy of something so it isn't like it's insane either.",16725,27608,33136,61044,10883,20141,124590,50.8%,5.58,7.81,U,52.2%,52.3%,52.1%,52.3%,0.2pp,52.4%,U
Spectacular Pileup,Rare,W,4.4,4,"Sweepers can be super awkward in Limited, since if you're at parity or ahead they aren't very good -- but there's really nothing else that can pull you ahead from behind the same way. You can always cycle this when you don't need it.",9945,16690,21282,38250,6745,8028,22419,79.4%,2.41,2.48,W,57.4%,55.8%,52.9%,54.2%,3.0pp,53.5%,R
Spectral Interference,Common,U,2.2,2.5,"This can counter a lot very efficiently, though not hitting most removal spells is a bummer.",54019,88775,107960,198273,34756,56281,330636,58.1%,6.27,8.71,U,56.4%,56.2%,54.1%,55.1%,2.1pp,55.8%,C
Spell Pierce,Uncommon,U,1.5,0,Even with a lot of Vehicles in this set this counterspell is too narrow.,2089,3396,4350,7778,1307,16385,146880,8.0%,7.56,11.24,U,50.4%,49.4%,49.0%,49.2%,0.4pp,47.9%,U
Spikeshell Harrier,Uncommon,U,4.2,4,"Adding a 4/4 to the board and bouncing your opponent's best creature or vehicle is a big play, and this can even tamper with speed.",43430,70833,80916,162986,27403,28471,63162,92.5%,2.76,3.08,U,60.4%,59.4%,53.6%,56.8%,5.8pp,57.7%,U
Spin Out,Common,B,4.2,3,"It's a little expensive and a little hard to cast, but it answers most things in this format.",80925,133236,171694,307329,52311,54981,166842,91.4%,2.95,3.54,B,58.9%,57.2%,54.5%,55.7%,2.7pp,54.6%,C
Spire Mechcycle,Uncommon,R,2.4,3.5,"This looks very easy to Exhaust in Red. Provided you have another vehicle or mount, this will be a 5-mana 6/5 with Haste -- and if you have more than that (which is very possible) it'll be even bigger.",12745,21392,30571,52445,8647,14697,107230,60.2%,4.70,6.59,R,50.9%,49.9%,52.5%,51.5%,-2.6pp,48.4%,U
Spotcycle Scouter,Common,W,1.4,2.5,"The Scry trigger is pretty nice on turn two, and while this isn't the most intimidating vehicle, it's big enough to trade off for something.",11152,19653,27563,47314,8501,35817,351906,22.1%,7.45,11.03,W,51.0%,51.3%,52.4%,51.9%,-1.0pp,51.8%,C
Stall Out,Common,U,1,1.5,"Without Cycling this would be close to unplayable since it involves going down a card for some tempo, making it only good when you're ahead.",15213,24627,29516,54394,9414,40390,350778,22.9%,7.36,10.84,U,51.2%,49.1%,49.5%,49.3%,-0.4pp,45.6%,C
Stampeding Scurryfoot,Common,G,3.8,3.5,"This is a very good Common. If it was always 5-mana for a 2/2 and a 3/3, you'd be pretty happy with that card -- but you can run this out on turn one and still have that upside for later in the game.",93455,162449,217844,384518,68994,66448,203232,92.9%,3.57,4.27,G,57.8%,58.6%,56.0%,57.2%,2.6pp,59.7%,C
Starting Column,Common,Colorless,1.8,1.5,"It's rare for mana rocks that cost 3 to be worth it in Limited, because you want to add to the board on turn three pretty badly. The Max Speed effect does mean it isn't always a dead card, but you won't always get there.",34308,58183,72653,131489,23875,49961,346794,43.7%,6.52,9.32,,54.3%,54.1%,53.0%,53.5%,1.0pp,53.7%,C
Stock Up,Uncommon,U,3.6,2.5,"This is a powerful draw spell for sure, but not adding to the board on turn three is pretty bad -- meaning this is more of a late game play.",42998,70461,85260,157125,27463,29629,85103,86.4%,3.79,4.26,U,60.9%,59.5%,54.0%,56.6%,5.6pp,57.4%,U
Streaking Oilgorger,Common,B,1.6,2,"Even if this always had lifelink it wouldn't be insane, since the stat-line is pretty bad. Dying to lots of two mana card isn't where you want to be as a 5-drop.",28695,47641,65823,114113,18946,44930,337805,42.1%,6.60,9.62,B,56.0%,54.1%,53.4%,53.7%,0.7pp,51.2%,C
Sunbillow Verge,Rare,RW,3.1,3,"These offer excellent fixing which you can use to make your mana base more consistent in a two-color deck, or to help you splash.",4941,8743,11826,20601,3802,7152,52869,48.1%,4.27,6.36,,51.1%,52.6%,53.0%,52.8%,-0.4pp,54.6%,R
"Sundial, Dawn Tyrant",Uncommon,W,3.3,3,"It's a vanilla creature, but it's got good stats, it's good at crewing, and it's an artifact -- and those last two things really matter in this format.",20959,36755,49593,87587,15796,17574,98663,82.4%,4.17,5.58,W,54.2%,55.3%,54.4%,54.8%,0.8pp,56.8%,U
Swiftwater Cliffs,Common,RU,2.6,2.5,"Gaining a bit of life helps make up for the fact that these always enter tapped, and they are pretty good at fixing your mana.",29623,49438,58500,108341,19815,29983,176346,60.1%,6.39,8.94,,54.0%,55.0%,53.5%,54.2%,1.5pp,56.4%,C
Swiftwing Assailant,Common,W,1.6,2,"The baseline isn't very good, but if you're good at getting to max speed, it become a bit more palatable.",16821,28547,40625,69201,11726,36938,350335,31.3%,7.22,10.69,W,54.2%,53.2%,53.7%,53.5%,-0.4pp,51.8%,C
Syphon Fuel,Common,B,2.2,2.5,"This is never going to feel very efficient, and sometimes you have to trade down -- but it answers most things and the life gain can help offset the inefficiency.",45000,73958,99407,174183,28958,48901,320415,58.9%,5.81,8.40,B,56.8%,54.5%,53.4%,53.9%,1.1pp,51.0%,C
"Terrian, World Tyrant",Uncommon,G,3,1.5,"I know the stat-line seems exciting, but it's just a big dumb creature that dies to a bunch of cheap removal. These days, you need a 5-drop to do something when it enters or dies to get around taht problem.",27220,46633,60066,117370,19413,21961,81335,86.0%,3.55,4.32,G,57.4%,56.7%,55.7%,56.9%,1.1pp,55.8%,U
The Aetherspark,Mythic,Colorless,5,4.5,"This can augment creatures and rapidly gain loyalty to draw you cards, and importantly -- it's pretty well protected any time it's equipped to a creature",7380,12476,15356,29475,5096,4762,4943,99.4%,1.05,1.05,,60.4%,60.9%,52.0%,56.7%,9.0pp,61.7%,M
The Last Ride,Mythic,B,3.6,1,"It's way too hard to get this to work in Limited, It's a dead card for a big chunk of the game, and sinking mana and life into this to draw cards is a recipe for disaster.",3742,6407,8513,15042,2665,3417,12686,73.8%,2.65,2.99,B,53.7%,52.8%,53.4%,53.1%,-0.6pp,51.4%,M
The Speed Demon,Mythic,B,5,5,"There's a real chance this kills you if your speed is high enough, but between the cards he draws and the huge body, you're going to win before that happens most of the time. Valuing life gains a little more than normal is one way to offset this, too.",6882,11356,14592,26177,4474,4675,7264,90.5%,1.60,1.58,B,61.1%,60.4%,53.6%,56.8%,6.7pp,59.2%,M
Thopter Fabricator,Rare,U,4.7,4.5,"Blue has plenty of ways to get Thopter tokens out of this, and a big evasive Vehicle is pretty solid to begin with.",15985,25812,29438,56077,9827,10278,17344,89.7%,1.88,1.86,U,59.8%,59.6%,51.3%,55.3%,8.4pp,59.4%,R
Thornwood Falls,Common,GU,2.6,2.5,"Gaining a bit of life helps make up for the fact that these always enter tapped, and they are pretty good at fixing your mana.",33505,58329,74240,133091,24824,32563,171998,66.9%,5.93,8.30,,55.0%,56.2%,55.3%,55.7%,0.9pp,57.7%,C
Thunderhead Gunner,Common,R,3.1,2.5,"It's a little expensive, but this ability is pretty nice even in a vacuum. It gets better in a set with lots of discard payoffs.",72108,117566,150521,269362,45458,56544,274775,78.4%,5.00,6.38,R,57.3%,56.1%,53.6%,54.7%,2.5pp,54.1%,C
Thundering Broodwagon,Uncommon,BG,4,3.5,"This is going to take down something significant when it enters, and it's Menace is even better right after you remove a creature. You can also cycle it early and then bring it back pretty easily in Black/Green.",33497,56622,74078,132383,23125,26260,77173,80.5%,3.53,3.86,BG,62.7%,61.1%,55.2%,57.8%,5.9pp,58.7%,U
Thunderous Velocipede,Mythic,G,4.9,4.5,"Getting lots of extra counters is a good way to gain a big advantage, and this can even rumble as a tramply vehicle when it has to.",6141,10511,14086,25009,4370,4496,6452,91.1%,1.42,1.40,G,57.8%,57.4%,54.4%,55.8%,3.0pp,56.8%,M
Ticket Tortoise,Common,Colorless,1.7,2,"This crews and blocks decently enough, but it's the Treasure that is really intriguing here. Not only does it give you some mana and fixing, it can give you two artifacts for only two mana, something that many decks in the format are interested in.",25024,43146,54800,98276,18122,47233,361351,34.5%,7.27,10.49,,54.6%,53.3%,53.8%,53.6%,-0.4pp,51.6%,C
Trade the Helm,Uncommon,U,2.5,1,"Exchange effects are bad in Limited because it's very difficult to set up an exchange where you come out ahead, since you're the one who spent mana and a card on it.",12812,20851,25252,46494,8039,18596,125446,42.3%,5.70,8.15,U,54.1%,51.7%,50.7%,51.2%,1.0pp,47.8%,U
Tranquil Cove,Common,UW,1.5,2.5,"Gaining a bit of life helps make up for the fact that these always enter tapped, and they are pretty good at fixing your mana.",27152,46181,55588,102158,19029,29813,178688,56.6%,6.56,9.16,,54.6%,55.3%,53.3%,54.2%,2.0pp,56.3%,C
Transit Mage,Uncommon,U,4,0.0 // 3.0,"If you have enough artifacts that cost 4 or 5, this'll feel pretty good. If you don't, you're not playing it.",36866,60075,71263,132913,23209,27360,81942,79.4%,3.54,4.09,U,59.5%,59.0%,54.0%,56.3%,5.0pp,58.1%,U
Trip Up,Common,U,2.1,3,"This 4-mana removal spell always ends up playing pretty well since it's a nice 1-for-1 trade, and this comes with Cycling upside.",47283,77056,92878,171103,29773,55473,344026,51.2%,6.56,9.21,U,56.4%,54.5%,54.0%,54.3%,0.5pp,51.6%,C
Tune Up,Uncommon,W,2,1.0 / 2.0,"The ceiling here is pretty high, and there is some graveyard stuff going on in this format -- including vehicles with Cycling. If you have enough of them, this can perform well. But it's also a dead card a little bit too often.",8430,13783,18598,32496,5353,15830,126454,34.4%,5.93,8.67,W,54.6%,52.7%,51.7%,52.2%,1.0pp,49.8%,U
"Tyrox, Saurid Tyrant",Uncommon,R,1.7,2,"It's really good at crewing, and that's worth something in this format.",11778,20702,28010,49596,8924,16196,129657,50.9%,5.81,8.55,R,52.2%,53.3%,54.0%,53.7%,-0.7pp,54.8%,U
Unstoppable Plan,Rare,U,2.1,0,This effect is pretty useless in Limited.,302,515,687,1210,213,6147,55500,3.3%,5.72,9.13,U,,37.9%,41.2%,39.9%,-3.3pp,,R
Unswerving Sloth,Uncommon,W,2.9,3.5,"Once you can get to 4 power for saddle, you can send this in every turn essentially for free -- since it untaps itself and everything else and gains indestructible. It's a very problematic attacker.",12035,20266,29733,50448,8231,13753,103860,61.5%,4.65,6.60,W,53.8%,52.9%,53.2%,53.2%,-0.2pp,51.7%,U
Valor's Flagship,Mythic,W,5,5,"This is tough to beat when it's on the battlefield, and it gets around it's only downside -- it's expensive -- by having a powerful Cycling ability that can give you a bunch of bodies.",4658,7701,9738,18040,3043,3629,8500,82.3%,1.82,1.84,W,58.3%,56.3%,51.3%,54.0%,5.0pp,53.1%,M
Veloheart Bike,Common,G,2.8,2,"If you're in the market for mana fixing and ramp, you could do worse. I'm just not sure how often you're going to want to play an understtated vehicle to gain access to that.",53914,93916,129210,224608,40002,50970,288392,72.0%,5.01,6.98,G,55.3%,55.6%,55.3%,55.4%,0.3pp,55.9%,C
Venomsac Lagac,Common,G,3.1,2.5,"This can attack surprisingly well for most of the game, and it can of course always trade with anything. Particularly good with Run Over.",73123,128668,178072,308868,55545,54862,254357,91.6%,4.25,5.74,G,55.4%,55.9%,56.1%,56.0%,-0.2pp,56.6%,C
Veteran Beastrider,Uncommon,GW,3.8,3,"This has above-rate stats and works very nicely with lots of mounts and Vehicles, and it's activated ability can be good in the late game.",21443,37602,53918,91962,16159,20528,85946,72.2%,3.94,4.71,WG,59.8%,59.7%,55.0%,57.0%,4.6pp,59.5%,U
"Vnwxt, Verbose Host",Rare,U,4.1,1,"Blue is bad at max speed, and this card is awful if you don't have it.",10188,16575,19446,36333,6387,7903,28534,78.0%,2.93,3.39,U,54.6%,53.5%,51.5%,52.5%,2.1pp,51.8%,R
Voyage Home,Uncommon,UW,2.4,2,Even in this format it's going to be tough to have enough artifacts early enough for this to really do a good job.,20930,33542,41839,76126,12612,20838,112657,60.8%,5.09,6.68,WU,59.1%,56.1%,52.8%,54.4%,3.3pp,51.2%,U
Voyager Glidecar,Rare,W,4.3,4,"This gives you so much for so little. Even without the ability I'd play this for one mana pretty happily, and the ability means it can remain relevant all game long by growing and going into the sky.",8052,13769,18518,32752,5717,6755,25445,80.6%,2.60,2.97,W,55.5%,56.3%,52.8%,54.5%,3.5pp,57.5%,R
Voyager Quickwelder,Common,W,2.6,2.5,"Reducing the cost of artifacts certainly comes up in this format, especially in Blue/White. But it is the kind of card you sort of need to get in play on turn three, or it has diminishing returns.",33135,55293,70326,126284,22158,38802,319366,54.4%,6.20,8.88,W,55.3%,55.2%,52.8%,53.9%,2.3pp,55.0%,C
Walking Sarcophagus,Common,Colorless,1.9,2,"This gets your engine started pretty early, and that's where most of it's value comes from, because beyond that it's very mediocre.",28862,51037,67727,118987,22175,46275,355999,42.6%,6.91,10.05,,53.1%,52.9%,53.6%,53.3%,-0.7pp,52.6%,C
Wastewood Verge,Rare,BG,3.4,3,"These offer excellent fixing which you can use to make your mana base more consistent in a two-color deck, or to help you splash.",8250,14777,20104,34987,6527,8732,48345,66.0%,3.83,5.50,,54.6%,55.4%,54.9%,55.1%,0.5pp,56.4%,R
Waxen Shapethief,Rare,U,4.3,3.5,"A Flash clone is nice, although this one can only copy your stuff, so you won't always have something worth 4 mana to copy.",9973,16206,20449,36944,6233,7842,28506,80.2%,2.85,3.28,U,54.7%,52.7%,52.0%,52.3%,0.7pp,49.4%,R
Webstrike Elite,Rare,G,4.6,3.5,"The Cycle mode can be a little pricey, but it's a Naturalize that draws you a card -- and that's a pretty good 2-for-1. And in the mean time, you can run it out as a very solid two mana 3/3 with Reach.",13425,23041,31451,54907,9616,9819,21468,91.1%,2.19,2.31,G,57.8%,57.5%,55.5%,56.4%,2.0pp,57.1%,R
Wickerfolk Indomitable,Uncommon,B,2.1,2,"A 4-mana 4/3 is nothing special, but if you have a decent number of expendable artifacts and creatures, being able to trade them in for a 4/3 is solid.",8014,13527,19206,32955,5513,15994,131373,34.5%,6.03,8.96,B,51.9%,50.4%,53.0%,51.9%,-2.6pp,48.2%,U
Wild Roads,Uncommon,G,2,2.5,"These will often enter untapped, and they give you a very real body in the mid-to-late-game.",17708,31186,44013,75385,13478,19869,148554,61.8%,6.85,9.98,,54.8%,55.4%,56.8%,56.2%,-1.4pp,56.1%,U
Willowrush Verge,Rare,GU,3.1,3,"These offer excellent fixing which you can use to make your mana base more consistent in a two-color deck, or to help you splash.",9050,15650,19504,35379,6600,9166,49478,64.4%,3.89,5.57,,55.2%,55.8%,53.9%,54.7%,1.9pp,56.5%,R
Wind-Scarred Crag,Common,RW,1.4,2.5,"Gaining a bit of life helps make up for the fact that these always enter tapped, and they are pretty good at fixing your mana.",17096,30273,41287,71668,13177,24564,179985,48.5%,6.75,9.64,,51.0%,52.6%,52.6%,52.6%,-0.0pp,54.6%,C
"Winter, Cursed Rider",Rare,BU,4,3.5,"Winter's Exhaust ability can sweep the board to a degree, but keep in mind your opponent's creatures might also be artifact creatures.",8920,14547,18396,33208,5627,8629,33317,64.6%,3.48,4.02,UB,56.1%,55.6%,51.8%,53.5%,3.8pp,54.7%,R
Wreckage Wickerfolk,Common,B,4.2,2.5,"This is a solid two-drop. It's never goign to be a great creature, but the surveil helps improve draws in a big way while helping with graveyard synergy, and the artifact typing certainly matters.",89335,154511,200876,356818,65176,64892,250404,89.4%,4.30,5.43,B,57.6%,57.7%,55.1%,56.2%,2.6pp,57.7%,C
Wreck Remover,Common,Colorless,1.5,2,"The stats aren't great, but this hates on the graveyard fairly well and in the incidental life gain can add up.",18278,30621,38018,70208,12343,46475,367434,25.1%,7.62,11.02,,54.1%,52.5%,52.5%,52.6%,0.1pp,50.3%,C
Wretched Doll,Uncommon,B,3.7,2.5,"This can crew stuff pretty well and the artifact type is reasonably important in Black. Having to pay mana to Surveil isn't ideal, though.",27383,47900,65401,113565,20517,21981,100446,85.5%,4.15,5.55,B,55.1%,55.1%,54.5%,54.8%,0.6pp,55.1%,U
"Zahur, Glory's Past",Rare,BW,4.1,4,"This gets the engines started early, it has good stats, and a nice sacrifice ability -- and once you get to max speed it turns into an insane value engine.",7379,12523,16754,29401,5144,7980,31301,61.4%,3.36,3.85,WB,56.9%,57.0%,52.4%,54.4%,4.6pp,57.1%,R
