Name,Rarity,Color Identity
"Aatchik, Emerald Radian",Rare,BG
Adrenaline Jockey,Uncommon,R
Aetherjacket,Common,Colorless
Aether Syphon,Uncommon,U
Afterburner Expert,Rare,G
Agonasaur Rex,Rare,G
Air Response Unit,Uncommon,W
Alacrian Armory,Uncommon,W
Alacrian Jaguar,Common,G
Amonkhet Raceway,Uncommon,Colorless
Ancient Vendetta,Uncommon,B
Apocalypse Runner,Uncommon,BR
Autarch Mammoth,Uncommon,G
Avishkar Raceway,Common,Colorless
Back on Track,Uncommon,B
"Basri, Tomorrow's Champion",Rare,W
Beastrider Vanguard,Common,G
Bestow Greatness,Common,G
Bleachbone Verge,Rare,BW
Bloodfell Caves,Common,BR
Bloodghast,Rare,B
Blossoming Sands,Common,GW
Boommobile,Rare,R
Boom Scholar,Uncommon,GR
Boosted Sloop,Uncommon,RU
Bounce Off,Common,U
Brightfield Glider,Common,W
Brightfield Mustang,Common,W
Brightglass Gearhulk,Mythic,GW
Broadcast Rambler,Common,W
Broadside Barrage,Uncommon,RU
Broken Wings,Common,G
Broodheart Engine,Uncommon,BG
Bulwark Ox,Rare,W
Burner Rocket,Common,R
Burnout Bashtronaut,Rare,R
"Caelorna, Coral Tyrant",Uncommon,U
Camera Launcher,Common,Colorless
Canyon Vaulter,Uncommon,W
"Captain Howler, Sea Scourge",Rare,RU
"Caradora, Heart of Alacria",Rare,GW
Carrion Cruiser,Uncommon,B
"Chandra, Spark Hunter",Mythic,R
Chitin Gravestalker,Common,B
Clamorous Ironclad,Common,R
Cloudspire Captain,Uncommon,W
Cloudspire Coordinator,Uncommon,RW
Cloudspire Skycycle,Uncommon,RW
Coalstoke Gearhulk,Mythic,BR
Collision Course,Common,W
Count on Luck,Rare,R
Country Roads,Uncommon,W
Crash and Burn,Common,R
Cryptcaller Chariot,Rare,B
Cursecloth Wrappings,Rare,B
"Daretti, Rocketeer Engineer",Rare,R
Daring Mechanic,Common,W
Deathless Pilot,Common,B
Debris Beetle,Rare,BG
Defend the Rider,Uncommon,G
Demonic Junker,Rare,B
Detention Chariot,Uncommon,W
Dismal Backwater,Common,BU
District Mascot,Rare,G
Diversion Unit,Uncommon,U
Draconautics Engineer,Rare,R
Dracosaur Auxiliary,Uncommon,R
Dredger's Insight,Uncommon,G
Dune Drifter,Uncommon,BW
Dynamite Diver,Common,R
Earthrumbler,Uncommon,G
Elvish Refueler,Uncommon,G
Embalmed Ascendant,Uncommon,BW
Endrider Catalyzer,Common,R
Endrider Spikespitter,Uncommon,R
Engine Rat,Common,B
Explosive Getaway,Rare,RW
Fang-Druid Summoner,Uncommon,G
Fang Guardian,Uncommon,G
"Far Fortune, End Boss",Rare,BR
Fearless Swashbuckler,Rare,RU
Flood the Engine,Common,U
Foul Roads,Uncommon,B
Fuel the Flames,Uncommon,R
Full Throttle,Rare,R
Gallant Strike,Uncommon,W
Gas Guzzler,Rare,B
Gastal Blockbuster,Common,R
Gastal Raider,Uncommon,B
Gastal Thrillroller,Rare,R
Gastal Thrillseeker,Uncommon,BR
Gearseeker Serpent,Common,U
Gilded Ghoda,Common,R
Glitch Ghost Surveyor,Common,U
Gloryheath Lynx,Uncommon,W
Goblin Surveyor,Common,R
"Gonti, Night Minister",Rare,B
Greasewrench Goblin,Uncommon,R
Greenbelt Guardian,Uncommon,G
Grim Bauble,Common,B
Grim Javelineer,Common,B
Guardian Sunmare,Rare,W
Guidelight Matrix,Common,Colorless
Guidelight Optimizer,Common,U
Guidelight Pathmaker,Uncommon,UW
Guidelight Synergist,Uncommon,W
Haunted Hellride,Uncommon,BU
Haunt the Network,Uncommon,BU
Hazard of the Dunes,Common,G
"Hazoret, Godseeker",Mythic,R
Hellish Sideswipe,Uncommon,B
Hour of Victory,Uncommon,B
Howler's Heavy,Common,U
Howlsquad Heavy,Rare,R
Hulldrifter,Common,U
Interface Ace,Common,W
Intimidation Tactics,Uncommon,B
Jibbirik Omnivore,Common,G
Jungle Hollow,Common,BG
"Kalakscion, Hunger Tyrant",Uncommon,B
Keen Buccaneer,Common,U
"Ketramose, the New Dawn",Mythic,BW
Kickoff Celebrations,Common,R
"Kolodin, Triumph Caster",Rare,RW
"Lagorin, Soul of Alacria",Uncommon,GW
Leonin Surveyor,Common,W
Lifecraft Engine,Rare,Colorless
Lightning Strike,Common,R
Lightshield Parry,Common,W
Lightwheel Enhancements,Common,W
Locust Spray,Uncommon,B
"Loot, the Pathfinder",Mythic,GRU
Lotusguard Disciple,Common,W
Loxodon Surveyor,Common,G
Lumbering Worldwagon,Rare,G
Magmakin Artillerist,Common,R
Marauding Mako,Uncommon,R
March of the World Ooze,Mythic,G
Marketback Walker,Rare,Colorless
Marshals' Pathcruiser,Uncommon,BGRUW
Maximum Overdrive,Common,B
Memory Guardian,Uncommon,U
"Mendicant Core, Guidelight",Rare,UW
Midnight Mangler,Common,U
Migrating Ketradon,Common,G
"Mimeoplasm, Revered One",Mythic,BGU
Mindspring Merfolk,Rare,U
Molt Tender,Uncommon,G
Momentum Breaker,Uncommon,B
Monument to Endurance,Rare,Colorless
Muraganda Raceway,Rare,Colorless
Mutant Surveyor,Common,B
"Mu Yanling, Wind Rider",Mythic,U
Nesting Bot,Uncommon,W
Night Market,Common,Colorless
Nimble Thopterist,Common,U
Oildeep Gearhulk,Mythic,BU
Ooze Patrol,Uncommon,G
Outpace Oblivion,Uncommon,R
"Oviya, Automech Artisan",Rare,G
Pacesetter Paragon,Uncommon,R
Pactdoll Terror,Common,B
Pedal to the Metal,Common,R
Perilous Snare,Rare,W
Pit Automaton,Uncommon,Colorless
Plow Through,Uncommon,G
Point the Way,Uncommon,G
Possession Engine,Rare,U
Pothole Mole,Common,G
Pride of the Road,Uncommon,W
Prowcatcher Specialist,Common,R
Push the Limit,Uncommon,R
Pyrewood Gearhulk,Mythic,GR
Quag Feast,Rare,B
Racers' Scoreboard,Uncommon,Colorless
Radiant Lotus,Mythic,Colorless
Rangers' Aetherhive,Uncommon,GU
Rangers' Refueler,Uncommon,U
Reckless Velocitaur,Uncommon,R
"Redshift, Rocketeer Chief",Rare,GR
Reef Roads,Uncommon,U
Regal Imperiosaur,Rare,G
Repurposing Bay,Rare,U
Ride's End,Common,W
Ripclaw Wrangler,Common,B
Riptide Gearhulk,Mythic,UW
Rise from the Wreck,Uncommon,G
Risen Necroregent,Uncommon,B
Risky Shortcut,Common,B
Riverchurn Monument,Rare,U
Riverpyre Verge,Rare,RU
Road Rage,Uncommon,R
Roadside Assistance,Uncommon,W
Roadside Blowout,Uncommon,U
Rocketeer Boostbuggy,Uncommon,GR
Rocky Roads,Uncommon,R
Rover Blades,Uncommon,Colorless
Rugged Highlands,Common,GR
Run Over,Common,G
Sabotage Strategist,Uncommon,U
"Sab-Sunen, Luxa Embodied",Mythic,GU
Salvation Engine,Mythic,W
"Samut, the Driving Force",Rare,GRW
Scoured Barrens,Common,BW
Scrap Compactor,Common,Colorless
Scrounging Skyray,Uncommon,U
Shefet Archfiend,Uncommon,B
Silken Strength,Common,G
"Sita Varma, Masked Racer",Rare,GU
Skybox Ferry,Common,Colorless
Skycrash,Uncommon,R
Skyseer's Chariot,Rare,W
Skyserpent Seeker,Uncommon,GU
Skystreak Engineer,Common,U
Slick Imitator,Uncommon,U
Spectacular Pileup,Rare,W
Spectral Interference,Common,U
Spell Pierce,Uncommon,U
Spikeshell Harrier,Uncommon,U
Spin Out,Common,B
Spire Mechcycle,Uncommon,R
Spotcycle Scouter,Common,W
Stall Out,Common,U
Stampeding Scurryfoot,Common,G
Starting Column,Common,Colorless
Stock Up,Uncommon,U
Streaking Oilgorger,Common,B
Sunbillow Verge,Rare,RW
"Sundial, Dawn Tyrant",Uncommon,W
Swiftwater Cliffs,Common,RU
Swiftwing Assailant,Common,W
Syphon Fuel,Common,B
"Terrian, World Tyrant",Uncommon,G
The Aetherspark,Mythic,Colorless
The Last Ride,Mythic,B
The Speed Demon,Mythic,B
Thopter Fabricator,Rare,U
Thornwood Falls,Common,GU
Thunderhead Gunner,Common,R
Thundering Broodwagon,Uncommon,BG
Thunderous Velocipede,Mythic,G
Ticket Tortoise,Common,Colorless
Trade the Helm,Uncommon,U
Tranquil Cove,Common,UW
Transit Mage,Uncommon,U
Trip Up,Common,U
Tune Up,Uncommon,W
"Tyrox, Saurid Tyrant",Uncommon,R
Unstoppable Plan,Rare,U
Unswerving Sloth,Uncommon,W
Valor's Flagship,Mythic,W
Veloheart Bike,Common,G
Venomsac Lagac,Common,G
Veteran Beastrider,Uncommon,GW
"Vnwxt, Verbose Host",Rare,U
Voyage Home,Uncommon,UW
Voyager Glidecar,Rare,W
Voyager Quickwelder,Common,W
Walking Sarcophagus,Common,Colorless
Wastewood Verge,Rare,BG
Waxen Shapethief,Rare,U
Webstrike Elite,Rare,G
Wickerfolk Indomitable,Uncommon,B
Wild Roads,Uncommon,G
Willowrush Verge,Rare,GU
Wind-Scarred Crag,Common,RW
"Winter, Cursed Rider",Rare,BU
Wreckage Wickerfolk,Common,B
Wreck Remover,Common,Colorless
Wretched Doll,Uncommon,B
"Zahur, Glory's Past",Rare,BW
